Time,WaterLevel,FlowWater,Total
2016-01-01,428.0,5.17,5.2
2016-01-02,428.0,5.17,5.2
2016-01-03,428.01,5.53,5.2
2016-01-04,428.01,5.17,5.2
2016-01-05,427.99,3.99,5.2
2016-01-06,427.95,3.96,5.2
2016-01-07,427.91,3.81,5.2
2016-01-08,427.86,3.66,5.2
2016-01-09,427.82,4.71,5.2
2016-01-10,427.82,4.87,5.0
2016-01-11,427.77,4.86,7.2
2016-01-12,427.7,4.76,4.9
2016-01-13,427.68,4.87,5.0
2016-01-14,427.68,4.87,5.2
2016-01-15,427.66,4.87,5.2
2016-01-16,427.65,4.56,5.2
2016-01-17,427.61,3.51,5.2
2016-01-18,427.53,2.98,5.2
2016-01-19,427.49,3.54,5.2
2016-01-20,427.41,3.43,5.2
2016-01-21,427.37,4.19,5.2
2016-01-22,427.33,3.5,5.2
2016-01-23,427.26,3.5,5.2
2016-01-24,427.2,3.5,5.2
2016-01-25,427.14,3.5,5.2
2016-01-26,427.08,3.57,5.2
2016-01-27,427.03,3.78,5.2
2016-01-28,426.98,3.68,5.2
2016-01-29,426.91,3.45,5.2
2016-01-30,426.85,3.7,5.2
2016-01-31,426.8,3.7,5.2
2016-02-01,426.75,4.4,5.2
2016-02-02,426.73,4.66,5.2
2016-02-03,426.71,4.4,5.2
2016-02-04,426.68,4.66,5.2
2016-02-05,426.66,4.66,5.2
2016-02-06,426.63,4.4,5.2
2016-02-07,426.6,4.21,5.2
2016-02-08,426.57,4.15,5.2
2016-02-09,426.51,3.56,5.2
2016-02-10,426.52,3.55,5.2
2016-02-11,426.38,3.95,5.2
2016-02-12,426.32,3.78,5.2
2016-02-13,426.26,3.78,5.2
2016-02-14,426.2,3.78,5.2
2016-02-15,426.14,3.78,5.2
2016-02-16,426.08,3.78,5.2
2016-02-17,426.02,3.78,5.2
2016-02-18,425.98,3.8,5.2
2016-02-19,425.9,3.8,5.2
2016-02-20,425.84,3.8,5.2
2016-02-21,425.78,3.8,5.2
2016-02-22,425.72,3.8,5.2
2016-02-23,425.66,3.8,5.2
2016-02-24,425.6,3.81,5.2
2016-02-25,425.54,3.8,5.2
2016-02-26,425.48,3.8,5.2
2016-02-27,425.41,3.29,5.2
2016-02-28,425.32,3.01,5.2
2016-02-29,425.24,3.8,5.2
2016-03-01,425.17,3.8,5.2
2016-03-02,425.13,7.43,5.2
2016-03-03,425.56,18.14,5.2
2016-03-04,426.49,29.95,5.2
2016-03-05,427.34,26.76,7.8
2016-03-06,427.68,16.94,8.7
2016-03-07,428.07,26.67,8.2
2016-03-08,428.64,14.18,5.2
2016-03-09,428.8,10.2,5.2
2016-03-10,428.85,6.67,9.2
2016-03-11,428.79,7.91,9.2
2016-03-12,428.86,8.95,5.2
2016-03-13,428.9,4.91,5.2
2016-03-14,428.85,5.3,8.2
2016-03-15,428.78,7.14,11.2
2016-03-16,428.75,8.36,8.2
2016-03-17,428.72,9.63,10.2
2016-03-18,428.75,8.91,9.2
2016-03-19,428.75,9.45,9.2
2016-03-20,428.78,6.53,5.2
2016-03-21,428.73,5.67,9.2
2016-03-22,428.68,6.4,9.2
2016-03-23,428.65,9.62,9.2
2016-03-24,428.66,9.35,9.2
2016-03-25,428.66,8.27,8.2
2016-03-26,428.69,7.06,5.2
2016-03-27,428.72,4.73,5.2
2016-03-28,428.63,1.94,5.2
2016-03-29,428.6,4.84,6.2
2016-03-30,428.57,4.99,5.2
2016-03-31,428.57,4.81,5.2
2016-04-01,428.56,4.81,5.2
2016-04-02,428.54,4.09,5.2
2016-04-03,428.51,3.37,5.2
2016-04-04,428.46,6.24,5.2
2016-04-05,428.6,12.25,8.3
2016-04-06,428.72,12.47,8.4
2016-04-07,428.82,10.96,8.4
2016-04-08,428.9,10.94,8.4
2016-04-09,428.97,10.37,11.7
2016-04-10,428.91,5.56,5.2
2016-04-11,428.87,4.72,5.2
2016-04-12,428.84,3.01,5.2
2016-04-13,428.8,3.73,5.2
2016-04-14,428.75,2.92,5.2
2016-04-15,428.65,5.15,9.6
2016-04-16,428.56,5.62,8.7
2016-04-17,428.48,5.89,8.7
2016-04-18,428.41,7.05,8.7
2016-04-19,428.32,3.82,8.7
2016-04-20,428.22,6.31,9.6
2016-04-21,428.15,6.42,8.7
2016-04-22,428.07,5.63,8.7
2016-04-23,427.98,5.06,8.7
2016-04-24,427.92,4.88,5.2
2016-04-25,427.85,5.06,8.7
2016-04-26,427.75,5.58,8.7
2016-04-27,427.66,7.06,9.6
2016-04-28,427.59,6.87,8.7
2016-04-29,427.53,6.66,8.7
2016-04-30,427.51,5.22,5.2
2016-05-01,427.47,3.78,5.2
2016-05-02,427.41,3.49,5.2
2016-05-03,427.34,3.49,5.2
2016-05-04,427.25,2.79,5.2
2016-05-05,427.13,3.69,8.4
2016-05-06,427.07,7.53,5.2
2016-05-07,427.15,8.97,8.4
2016-05-08,427.16,8.42,8.4
2016-05-09,427.17,9.25,8.4
2016-05-10,427.2,10.34,9.2
2016-05-11,427.26,8.92,8.4
2016-05-12,427.43,13.17,5.2
2016-05-13,427.71,12.41,5.2
2016-05-14,427.93,8.43,5.2
2016-05-15,427.92,3.66,5.2
2016-05-16,427.86,2.91,5.2
2016-05-17,427.77,6.57,8.2
2016-05-18,427.77,7.14,8.2
2016-05-19,427.76,8.88,9.2
2016-05-20,427.75,9.25,9.2
2016-05-21,427.74,8.79,9.2
2016-05-22,427.79,9.23,5.2
2016-05-23,427.9,6.67,5.2
2016-05-24,427.97,6.67,5.2
2016-05-25,427.97,10.77,9.2
2016-05-26,428.06,9.79,9.2
2016-05-27,428.06,9.46,10.2
2016-05-28,428.06,8.82,9.2
2016-05-29,428.09,8.51,6.2
2016-05-30,428.13,8.45,9.2
2016-05-31,428.11,6.18,7.2
2016-06-01,428.02,4.76,9.2
2016-06-02,427.88,3.41,7.2
2016-06-03,427.76,3.78,7.2
2016-06-04,427.73,5.99,5.2
2016-06-05,427.68,6.61,9.2
2016-06-06,427.7,11.57,9.2
2016-06-07,427.74,11.5,9.2
2016-06-08,427.79,8.28,9.2
2016-06-09,427.78,8.88,9.2
2016-06-10,427.76,7.74,9.2
2016-06-11,427.76,5.17,5.2
2016-06-12,427.7,3.51,5.2
2016-06-13,427.62,3.25,7.2
2016-06-14,427.48,3.33,6.9
2016-06-15,427.44,10.52,10.2
2016-06-16,427.54,13.7,6.0
2016-06-17,427.85,9.92,7.0
2016-06-18,427.98,12.72,9.0
2016-06-19,428.12,13.2,9.0
2016-06-20,428.26,8.51,4.0
2016-06-21,428.28,3.64,4.0
2016-06-22,428.39,6.24,4.0
2016-06-23,428.39,6.24,4.0
2016-06-24,428.4,3.64,4.0
2016-06-25,428.35,2.21,4.0
2016-06-26,428.36,7.95,4.0
2016-06-27,428.56,15.13,9.0
2016-06-28,428.72,11.15,8.0
2016-06-29,428.82,11.17,8.7
2016-06-30,428.91,11.42,8.5
2016-07-01,428.97,11.95,10.8
2016-07-02,428.96,10.33,12.9
2016-07-03,428.98,10.39,6.8
2016-07-04,428.99,14.03,19.7
2016-07-05,428.91,12.29,11.5
2016-07-06,428.92,11.89,11.8
2016-07-07,428.85,8.74,12.3
2016-07-08,428.75,8.29,12.6
2016-07-09,428.65,9.57,13.5
2016-07-10,428.55,7.86,11.4
2016-07-11,428.43,10.62,19.8
2016-07-12,428.27,15.8,20.5
2016-07-13,428.14,16.42,21.1
2016-07-14,427.99,16.04,20.9
2016-07-15,427.84,15.73,20.1
2016-07-16,427.93,15.76,4.0
2016-07-17,428.17,7.71,4.0
2016-07-18,428.2,5.45,5.5
2016-07-19,428.13,11.34,17.4
2016-07-20,428.19,26.87,21.1
2016-07-21,428.38,28.13,21.3
2016-07-22,428.43,30.66,37.8
2016-07-23,428.24,29.23,30.9
2016-07-24,428.32,32.15,24.0
2016-07-25,428.48,34.16,38.3
2016-07-26,428.43,35.49,37.5
2016-07-27,428.37,31.54,33.6
2016-07-28,428.29,30.32,32.6
2016-07-29,428.22,32.14,34.0
2016-07-30,428.25,33.39,33.5
2016-07-31,428.32,41.6,33.4
2016-08-01,428.69,43.27,34.5
2016-08-02,428.85,35.01,33.7
2016-08-03,428.81,32.53,37.1
2016-08-04,428.7,30.82,34.7
2016-08-05,428.57,31.88,37.7
2016-08-06,42841.0,28.5,33.2
2016-08-07,428.33,28.2,31.9
2016-08-08,428.25,29.65,32.0
2016-08-09,428.16,28.04,31.3
2016-08-10,428.07,24.69,24.4
2016-08-11,428.18,28.64,23.5
2016-08-12,428.3,27.84,24.8
2016-08-13,428.42,28.5,25.9
2016-08-14,428.51,26.77,27.1
2016-08-15,428.49,27.93,28.9
2016-08-16,428.53,29.04,28.0
2016-08-17,428.59,28.37,27.5
2016-08-18,428.65,13.15,12.3
2016-08-19,428.52,4.17,7.8
2016-08-20,428.41,3.05,7.4
2016-08-21,428.35,2.56,4.0
2016-08-22,428.32,3.99,4.0
2016-08-23,428.33,5.56,4.0
2016-08-24,428.81,47.38,40.7
2016-08-25,428.78,10.57,4.0
2016-08-26,428.81,13.51,14.5
2016-08-27,428.84,17.33,20.0
2016-08-28,428.75,33.19,38.6
2016-08-29,428.72,35.36,35.3
2016-08-30,428.77,34.02,28.5
2016-08-31,428.83,35.54,38.7
2016-09-01,428.79,29.47,26.1
2016-09-02,428.84,21.3,25.1
2016-09-03,428.73,22.49,21.5
2016-09-04,428.8,18.22,19.7
2016-09-05,428.67,23.06,25.0
2016-09-06,428.89,41.45,37.7
2016-09-07,428.8,34.83,41.1
2016-09-08,428.71,30.76,33.1
2016-09-09,428.61,39.4,43.8
2016-09-10,428.45,41.1,44.2
2016-09-11,428.45,43.19,42.1
2016-09-12,428.7,66.54,51.3
2016-09-13,428.87,44.18,51.3
2016-09-14,428.57,32.52,38.4
2016-09-15,428.54,32.5,33.0
2016-09-16,428.58,36.4,36.7
2016-09-17,428.61,38.85,36.0
2016-09-18,428.81,22.07,13.0
2016-09-19,428.85,35.1,37.0
2016-09-20,428.84,44.39,47.5
2016-09-21,428.75,39.75,42.9
2016-09-22,428.74,38.95,39.3
2016-09-23,428.69,50.91,51.3
2016-09-24,428.67,50.55,51.3
2016-09-25,428.75,18.27,9.0
2016-09-26,428.86,18.72,27.9
2016-09-27,428.71,23.43,21.8
2016-09-28,428.73,14.6,12.1
2016-09-29,428.73,15.69,17.4
2016-09-30,428.77,14.01,11.8
2016-10-01,428.81,12.26,12.2
2016-10-02,428.77,12.51,19.1
2016-10-03,428.7,23.97,25.5
2016-10-04,428.54,23.19,29.0
2016-10-05,428.4,21.92,24.4
2016-10-06,428.66,41.3,24.8
2016-10-07,428.68,36.16,50.0
2016-10-08,428.44,25.96,26.3
2016-10-09,428.83,47.91,43.8
2016-10-10,428.41,26.43,41.0
2016-10-11,428.29,22.32,21.4
2016-10-12,428.26,23.97,20.1
2016-10-13,428.22,18.82,20.1
2016-10-14,428.2,23.57,20.1
2016-10-15,428.58,48.53,42.5
2016-10-16,428.74,41.22,34.5
2016-10-17,428.8,37.6,38.3
2016-10-18,428.6,37.73,45.2
2016-10-19,428.57,33.9,34.6
2016-10-20,428.45,37.68,42.6
2016-10-21,428.32,35.99,43.1
2016-10-22,428.26,43.48,37.1
2016-10-23,428.49,33.9,33.0
2016-10-24,428.38,29.26,36.3
2016-10-25,428.17,25.12,29.8
2016-10-26,428.08,21.3,23.1
2016-10-27,428.06,24.32,27.0
2016-10-28,428.03,21.93,22.4
2016-10-29,428.08,18.92,16.9
2016-10-30,428.48,32.92,9.7
2016-10-31,428.74,29.08,38.8
2016-11-01,428.78,69.09,49.6
2016-11-02,429.36,413.67,406.7
2016-11-03,429.07,181.07,191.8
2016-11-04,428.86,71.83,74.4
2016-11-05,428.72,44.93,42.0
2016-11-06,428.89,33.77,35.6
2016-11-07,428.84,27.81,30.4
2016-11-08,428.67,43.53,47.1
2016-11-09,428.7,50.74,48.6
2016-11-10,428.75,49.86,49.5
2016-11-11,428.68,45.55,49.5
2016-11-12,428.73,56.32,49.5
2016-11-13,428.84,49.14,49.5
2016-11-14,428.78,46.63,49.5
2016-11-15,428.7,47.35,49.5
2016-11-16,428.65,47.71,49.5
2016-11-17,428.7,51.2,48.0
2016-11-18,428.59,41.97,49.5
2016-11-19,428.63,59.92,49.5
2016-11-20,428.8,48.42,49.5
2016-11-21,428.73,46.99,49.5
2016-11-22,428.76,49.84,49.5
2016-11-23,428.64,47.0,49.5
2016-11-24,428.68,51.29,49.5
2016-11-25,428.7,49.14,49.5
2016-11-26,428.67,48.78,49.5
2016-11-27,428.69,50.58,49.5
2016-11-28,428.67,44.46,49.5
2016-11-29,428.54,49.13,49.5
2016-11-30,428.92,149.55,124.2
2016-12-01,429.0,293.35,306.3
2016-12-02,428.84,91.48,96.2
2016-12-03,428.87,54.52,49.5
2016-12-04,428.78,43.26,49.0
2016-12-05,428.82,72.02,60.8
2016-12-06,429.05,204.09,202.2
2016-12-07,429.06,303.77,298.0
2016-12-08,429.03,341.91,343.8
2016-12-09,429.0,162.58,162.6
2016-12-10,429.0,98.0,98.0
2016-12-11,429.0,97.95,98.0
2016-12-12,429.08,191.75,191.8
2016-12-13,428.98,288.23,289.7
2016-12-14,428.99,249.44,248.0
2016-12-15,429.05,346.57,329.3
2016-12-16,429.64,1527.55,1539.7
2016-12-17,428.99,713.92,718.1
2016-12-18,428.99,264.67,264.7
2016-12-19,428.99,248.0,248.0
2016-12-20,429.0,248.36,248.0
2016-12-21,429.0,248.0,248.0
2016-12-22,429.0,176.33,176.3
2016-12-23,429.0,175.92,175.9
2016-12-24,429.0,176.33,176.3
2016-12-25,429.0,129.25,129.3
2016-12-26,429.0,86.0,86.0
2016-12-27,429.0,116.75,117.2
2016-12-28,429.0,98.0,98.0
2016-12-29,429.0,92.58,92.6
2016-12-30,429.0,98.83,98.8
2016-12-31,429.0,98.42,98.4
2017-01-01,429.0,85.08,85.1
2017-01-02,429.0,69.9,69.9
2017-01-03,429.0,58.0,58.0
2017-01-04,428.97,55.21,55.6
2017-01-05,429.0,55.17,55.2
2017-01-06,429.0,54.33,54.3
2017-01-07,428.98,53.62,54.3
2017-01-08,428.98,53.97,54.3
2017-01-09,428.96,50.18,53.8
2017-01-10,428.87,42.51,44.7
2017-01-11,428.78,43.24,47.6
2017-01-12,428.68,41.01,43.1
2017-01-13,428.62,42.66,43.7
2017-01-14,428.64,32.58,28.3
2017-01-15,428.75,29.84,27.3
2017-01-16,428.77,41.66,44.2
2017-01-17,428.73,43.37,44.1
2017-01-18,428.7,41.13,42.9
2017-01-19,428.59,39.31,43.3
2017-01-20,428.5,35.69,37.8
2017-01-21,428.51,38.23,37.5
2017-01-22,428.59,34.87,27.3
2017-01-23,428.74,34.53,35.6
2017-01-24,428.66,26.97,27.3
2017-01-25,428.59,23.03,27.3
2017-01-26,428.55,28.77,27.3
2017-01-27,428.4,17.65,27.3
2017-01-28,428.34,30.24,25.2
2017-01-29,428.51,34.35,31.1
2017-01-30,428.6,34.01,30.4
2017-01-31,428.61,37.18,39.7
2017-02-01,428.57,25.18,27.3
2017-02-02,428.4,20.87,27.3
2017-02-03,428.25,23.39,27.3
2017-02-04,428.11,23.39,27.3
2017-02-05,428.13,26.62,27.3
2017-02-06,428.06,28.41,27.3
2017-02-07,428.16,30.92,27.3
2017-02-08,428.26,31.22,28.7
2017-02-09,428.33,31.83,28.2
2017-02-10,428.43,30.92,27.3
2017-02-11,428.53,30.92,27.3
2017-02-12,428.57,24.1,27.3
2017-02-13,428.46,27.69,27.3
2017-02-14,428.55,30.92,27.3
2017-02-15,428.65,30.56,27.3
2017-02-16,428.71,28.77,27.3
2017-02-17,428.69,26.26,27.3
2017-02-18,428.63,23.75,27.3
2017-02-19,428.49,20.87,27.3
2017-02-20,428.29,21.02,27.8
2017-02-21,428.15,23.52,28.2
2017-02-22,428.16,20.34,16.0
2017-02-23,428.51,20.96,20.6
2017-02-24,428.23,16.72,17.1
2017-02-25,428.19,9.17,10.2
2017-02-26,428.2,6.69,6.3
2017-02-27,428.16,7.51,8.2
2017-02-28,428.13,10.94,9.4
2017-03-01,428.13,19.75,20.5
2017-03-02,428.16,20.74,19.3
2017-03-03,428.2,21.2,20.1
2017-03-04,428.3,14.23,6.3
2017-03-05,428.44,7.05,6.3
2017-03-06,428.42,9.56,6.3
2017-03-07,428.53,11.0,6.3
2017-03-08,428.72,9.56,6.3
2017-03-09,428.73,4.9,6.3
2017-03-10,428.6,14.75,18.3
2017-03-11,428.64,16.65,10.6
2017-03-12,428.74,9.56,6.3
2017-03-13,428.67,14.33,25.5
2017-03-14,428.56,25.99,26.0
2017-03-15,428.57,27.13,27.5
2017-03-16,428.57,27.16,26.5
2017-03-17,428.72,25.67,17.4
2017-03-18,428.89,22.08,17.8
2017-03-19,428.91,4.81,5.2
2017-03-20,428.79,12.95,18.7
2017-03-21,428.8,20.53,17.3
2017-03-22,428.82,21.3,23.1
2017-03-23,428.82,20.49,19.9
2017-03-24,428.5,22.87,32.9
2017-03-25,428.33,26.17,24.4
2017-03-26,428.56,16.65,5.2
2017-03-27,428.61,18.52,29.3
2017-03-28,428.4,23.19,27.5
2017-03-29,428.31,11.86,10.4
2017-03-30,428.35,14.71,15.1
2017-03-31,428.39,11.0,6.3
2017-04-01,428.51,10.28,6.3
2017-04-02,428.6,6.69,6.3
2017-04-03,428.51,18.08,19.2
2017-04-04,428.61,23.09,19.5
2017-04-05,428.76,12.7,5.2
2017-04-06,428.74,12.94,19.0
2017-04-07,428.7,18.37,18.7
2017-04-08,428.7,19.06,19.1
2017-04-09,428.83,12.7,5.2
2017-04-10,428.82,16.86,21.5
2017-04-11,428.8,23.14,23.5
2017-04-12,428.68,22.68,25.2
2017-04-13,428.78,8.75,5.2
2017-04-14,428.7,7.94,11.2
2017-04-15,428.68,7.05,6.3
2017-04-16,428.65,0.86,5.2
2017-04-17,428.59,21.98,5.2
2017-04-18,428.61,22.71,21.6
2017-04-19,428.78,28.32,21.9
2017-04-20,428.8,23.69,25.5
2017-04-21,428.79,24.81,26.3
2017-04-22,428.77,25.53,22.3
2017-04-23,428.83,21.93,20.9
2017-04-24,428.96,27.88,21.8
2017-04-25,428.92,26.51,34.1
2017-04-26,428.78,31.23,36.6
2017-04-27,428.69,32.07,33.5
2017-04-28,428.65,32.62,31.6
2017-04-29,428.62,28.06,30.2
2017-04-30,428.58,28.3,27.9
2017-05-01,428.68,14.7,11.8
2017-05-02,428.76,17.1,6.3
2017-05-03,428.83,26.48,37.6
2017-05-04,428.63,29.22,36.8
2017-05-05,428.6,40.33,32.4
2017-05-06,428.75,32.66,32.0
2017-05-07,428.8,15.25,13.8
2017-05-08,428.7,27.87,33.6
2017-05-09,428.78,41.41,36.0
2017-05-10,428.79,37.45,37.5
2017-05-11,428.7,31.64,37.0
2017-05-12,428.67,35.32,35.3
2017-05-13,428.71,36.57,36.6
2017-05-14,428.66,9.11,5.2
2017-05-15,428.65,27.61,36.2
2017-05-16,428.51,40.8,38.7
2017-05-17,428.63,38.18,37.8
2017-05-18,428.59,40.14,38.7
2017-05-19,428.54,41.11,43.3
2017-05-20,428.6,37.17,38.3
2017-05-21,428.66,19.24,12.1
2017-05-22,428.57,24.24,35.4
2017-05-23,428.59,44.13,35.9
2017-05-24,428.66,39.23,36.7
2017-05-25,428.91,42.83,38.2
2017-05-26,428.69,49.72,45.1
2017-05-27,428.8,28.68,39.8
2017-05-28,428.74,44.86,30.9
2017-05-29,428.98,119.17,121.3
2017-05-30,428.72,36.51,54.1
2017-05-31,428.66,42.93,33.2
2017-06-01,428.57,35.84,46.6
2017-06-02,428.51,44.1,40.5
2017-06-03,428.66,47.12,42.1
2017-06-04,428.76,34.53,32.0
2017-06-05,428.75,32.01,33.8
2017-06-06,428.72,30.86,33.0
2017-06-07,428.68,35.17,35.9
2017-06-08,428.65,31.75,39.3
2017-06-09,428.51,49.3,43.2
2017-06-10,428.65,38.07,39.5
2017-06-11,428.61,26.12,22.5
2017-06-12,428.62,35.35,39.3
2017-06-13,428.54,37.02,39.5
2017-06-14,428.61,43.91,39.6
2017-06-15,428.64,35.36,39.7
2017-06-16,428.64,46.99,38.7
2017-06-17,428.77,33.19,37.9
2017-06-18,428.6,26.69,24.9
2017-06-19,428.79,43.13,37.0
2017-06-20,428.75,31.07,37.9
2017-06-21,428.63,38.59,37.5
2017-06-22,428.6,41.12,41.8
2017-06-23,428.69,44.33,42.2
2017-06-24,428.68,38.5,39.4
2017-06-25,428.73,27.08,23.9
2017-06-26,428.69,31.3,37.4
2017-06-27,428.62,39.87,37.0
2017-06-28,428.68,38.24,37.2
2017-06-29,428.52,46.98,52.0
2017-06-30,428.65,63.48,52.0
2017-07-01,428.83,32.31,35.9
2017-07-02,428.77,25.62,28.1
2017-07-03,428.62,32.02,38.8
2017-07-04,428.61,46.58,39.4
2017-07-05,428.68,35.12,41.2
2017-07-06,428.74,49.08,40.5
2017-07-07,428.76,43.09,42.7
2017-07-08,428.81,34.4,34.8
2017-07-09,428.75,32.22,34.0
2017-07-10,428.66,39.44,41.2
2017-07-11,428.74,37.72,39.5
2017-07-12,428.66,52.8,43.5
2017-07-13,428.91,37.09,40.3
2017-07-14,428.66,31.52,40.9
2017-07-15,428.71,43.85,38.5
2017-07-16,428.84,29.69,18.6
2017-07-17,428.72,25.1,39.5
2017-07-18,428.73,47.05,41.7
2017-07-19,428.72,40.5,41.2
2017-07-20,428.62,39.46,41.3
2017-07-21,428.75,40.73,38.2
2017-07-22,428.72,33.34,36.6
2017-07-23,428.67,28.68,32.3
2017-07-24,428.56,37.7,37.7
2017-07-25,428.53,34.8,38.0
2017-07-26,428.5,44.47,39.8
2017-07-27,428.54,39.76,39.8
2017-07-28,428.51,55.59,52.0
2017-07-29,428.69,50.92,52.0
2017-07-30,428.65,34.97,35.0
2017-07-31,428.78,40.31,36.4
2017-08-01,428.6,50.54,56.8
2017-08-02,428.59,33.12,34.2
2017-08-03,428.87,35.44,19.7
2017-08-04,428.71,26.53,39.5
2017-08-05,428.67,34.9,34.9
2017-08-06,428.79,30.13,19.7
2017-08-07,428.87,36.55,41.9
2017-08-08,428.77,32.79,34.6
2017-08-09,428.74,33.95,37.2
2017-08-10,428.64,34.46,36.6
2017-08-11,428.64,36.1,35.4
2017-08-12,428.74,32.7,30.6
2017-08-13,428.67,34.86,30.2
2017-08-14,428.79,36.23,37.3
2017-08-15,428.84,33.17,33.2
2017-08-16,428.83,29.72,20.8
2017-08-17,428.9,16.61,20.2
2017-08-18,428.75,23.98,29.0
2017-08-19,428.61,22.79,27.5
2017-08-20,428.85,30.16,18.3
2017-08-21,428.85,28.47,36.0
2017-08-22,428.88,36.84,40.1
2017-08-23,428.45,40.89,50.2
2017-08-24,428.42,35.92,33.8
2017-08-25,428.52,39.28,35.3
2017-08-26,428.5,29.85,32.7
2017-08-27,428.79,29.86,19.1
2017-08-28,428.57,26.75,38.2
2017-08-29,428.59,38.7,32.6
2017-08-30,428.76,41.17,32.2
2017-08-31,428.78,29.64,34.7
2017-09-01,428.64,34.02,41.9
2017-09-02,428.65,24.02,19.4
2017-09-03,428.49,19.16,27.8
2017-09-04,428.55,40.62,37.0
2017-09-05,428.53,38.78,39.5
2017-09-06,428.5,33.81,35.6
2017-09-07,428.64,36.23,22.6
2017-09-08,428.64,23.12,35.3
2017-09-09,428.45,31.62,33.8
2017-09-10,428.5,38.63,34.0
2017-09-11,428.61,35.24,36.3
2017-09-12,428.59,39.17,38.5
2017-09-13,428.61,36.52,36.9
2017-09-14,428.61,37.76,37.4
2017-09-15,428.53,36.11,38.3
2017-09-16,428.43,36.65,40.2
2017-09-17,428.38,25.21,27.4
2017-09-18,428.32,28.67,32.3
2017-09-19,428.18,29.5,31.7
2017-09-20,428.26,35.55,29.8
2017-09-21,428.42,35.56,31.6
2017-09-22,428.55,39.1,33.7
2017-09-23,428.65,38.34,38.0
2017-09-24,428.73,11.57,4.8
2017-09-25,428.62,24.76,33.0
2017-09-26,428.56,20.03,22.2
2017-09-27,428.38,18.04,25.9
2017-09-28,428.3,34.63,30.3
2017-09-29,428.52,39.02,35.4
2017-09-30,428.61,38.24,34.7
2017-10-01,428.82,27.52,16.4
2017-10-02,428.71,19.33,29.7
2017-10-03,428.51,20.79,20.8
2017-10-04,428.72,11.18,4.0
2017-10-05,428.63,12.16,27.2
2017-10-06,428.4,6.87,4.0
2017-10-07,428.44,3.28,4.0
2017-10-08,428.38,1.13,4.0
2017-10-09,428.31,2.21,4.0
2017-10-10,428.26,0.77,4.0
2017-10-11,428.17,9.96,6.7
2017-10-12,428.21,15.36,18.6
2017-10-13,428.27,6.15,4.0
2017-10-14,428.2,0.05,4.0
2017-10-15,428.09,0.05,4.0
2017-10-16,428.0,1.21,4.8
2017-10-17,427.88,1.66,4.7
2017-10-18,427.84,4.15,4.8
2017-10-19,427.81,4.07,4.4
2017-10-20,427.8,8.89,8.0
2017-10-21,428.0,8.71,4.8
2017-10-22,427.9,0.39,4.0
2017-10-23,427.76,4.87,8.2
2017-10-24,427.73,7.16,7.8
2017-10-25,427.92,21.73,7.3
2017-10-26,428.26,11.33,7.7
2017-10-27,428.25,6.81,8.3
2017-10-28,428.24,2.92,4.0
2017-10-29,428.15,0.41,4.0
2017-10-30,427.94,8.49,12.9
2017-10-31,428.01,12.95,9.6
2017-11-01,428.62,72.94,42.1
2017-11-02,428.66,32.27,52.0
2017-11-03,428.25,13.31,23.4
2017-11-04,428.55,196.7,166.2
2017-11-05,428.92,181.63,182.3
2017-11-06,428.9,124.24,126.8
2017-11-07,428.88,65.2,66.3
2017-11-08,428.66,40.76,50.5
2017-11-09,428.7,57.12,52.8
2017-11-10,428.67,140.08,140.1
2017-11-11,428.77,105.0,100.0
2017-11-12,428.86,93.02,88.0
2017-11-13,428.95,70.08,70.1
2017-11-14,428.96,77.61,76.9
2017-11-15,428.96,81.73,82.1
2017-11-16,428.93,88.69,90.8
2017-11-17,428.87,75.1,77.3
2017-11-18,428.79,50.27,53.5
2017-11-19,428.74,131.68,133.8
2017-11-20,428.86,101.36,91.3
2017-11-21,428.93,51.6,54.1
2017-11-22,428.87,49.49,52.0
2017-11-23,428.83,120.33,123.9
2017-11-24,428.77,132.75,129.9
2017-11-25,428.78,93.44,94.9
2017-11-26,428.79,87.98,86.5
2017-11-27,428.8,50.49,53.0
2017-11-28,428.81,76.65,73.4
2017-11-29,428.82,73.59,74.7
2017-11-30,428.83,74.3,70.7
2017-12-01,428.84,78.24,83.6
2017-12-02,428.66,171.58,180.2
2017-12-03,428.71,737.99,729.7
2017-12-04,428.74,579.77,579.8
2017-12-05,428.74,321.75,321.8
2017-12-06,428.74,260.92,260.9
2017-12-07,428.74,217.17,217.2
2017-12-08,428.74,201.1,199.7
2017-12-09,428.83,167.65,165.5
2017-12-10,428.86,162.77,161.3
2017-12-11,428.91,99.44,98.0
2017-12-12,428.93,94.82,94.5
2017-12-13,428.94,84.64,84.3
2017-12-14,428.95,58.44,58.1
2017-12-15,428.97,51.28,52.0
2017-12-16,428.92,50.56,52.0
2017-12-17,428.9,52.66,51.2
2017-12-18,428.93,52.0,52.0
2017-12-19,428.83,41.95,52.0
2017-12-20,428.72,38.14,39.9
2017-12-21,428.71,36.34,34.9
2017-12-22,428.72,33.54,33.9
2017-12-23,428.76,15.84,11.5
2017-12-24,428.81,28.1,26.7
2017-12-25,428.82,40.14,42.7
2017-12-26,428.59,47.34,52.0
2017-12-27,428.62,54.51,52.0
2017-12-28,428.66,48.77,52.0
2017-12-29,428.63,35.49,38.0
2017-12-30,428.7,30.69,21.4
2017-12-31,428.86,16.97,13.4
2018-01-01,428.87,31.13,31.5
2018-01-02,428.91,37.3,40.2
2018-01-03,428.65,45.19,52.4
2018-01-04,428.53,53.62,54.3
2018-01-05,428.5,52.9,54.3
2018-01-06,428.55,40.15,40.5
2018-01-07,428.53,26.51,27.6
2018-01-08,428.49,32.13,33.6
2018-01-09,428.45,35.31,38.2
2018-01-10,428.47,38.04,35.2
2018-01-11,428.47,31.19,30.8
2018-01-12,428.53,32.41,30.3
2018-01-13,428.58,26.26,22.3
2018-01-14,428.71,11.0,6.3
2018-01-15,428.68,20.0,23.6
2018-01-16,428.71,21.06,19.3
2018-01-17,428.66,15.92,18.8
2018-01-18,428.61,21.28,22.0
2018-01-19,428.54,26.5,34.4
2018-01-20,428.42,35.1,35.5
2018-01-21,428.47,23.41,14.8
2018-01-22,428.62,32.51,37.5
2018-01-23,428.33,33.0,42.3
2018-01-24,428.29,32.34,25.5
2018-01-25,428.51,31.34,24.5
2018-01-26,428.63,31.18,35.1
2018-01-27,428.56,30.65,26.0
2018-01-28,428.69,8.49,6.3
2018-01-29,428.6,19.46,18.0
2018-01-30,428.76,27.04,26.3
2018-01-31,428.67,26.58,33.4
2018-02-01,428.61,32.44,27.4
2018-02-02,428.74,22.66,17.6
2018-02-03,428.73,22.71,29.5
2018-02-04,428.62,6.84,9.4
2018-02-05,428.44,20.95,30.6
2018-02-06,428.45,30.03,20.7
2018-02-07,428.62,26.38,24.2
2018-02-08,428.75,26.26,19.1
2018-02-09,428.86,19.05,15.5
2018-02-10,428.86,4.94,8.2
2018-02-11,428.75,1.22,5.2
2018-02-12,428.59,12.37,16.0
2018-02-13,428.65,19.47,15.5
2018-02-14,428.74,20.64,21.4
2018-02-15,428.68,5.87,10.9
2018-02-16,428.46,2.79,10.7
2018-02-17,428.33,4.81,5.2
2018-02-18,428.32,4.81,5.2
2018-02-19,423.29,4.09,5.2
2018-02-20,428.28,9.47,5.2
2018-02-21,428.4,17.0,15.9
2018-02-22,428.41,24.21,27.8
2018-02-23,428.17,27.95,39.8
2018-02-24,427.99,28.26,29.2
2018-02-25,427.97,29.47,29.2
2018-02-26,428.0,28.68,26.7
2018-02-27,428.06,13.38,15.1
2018-02-28,427.8,6.96,14.5
2018-03-01,427.54,15.03,25.9
2018-03-02,427.22,6.1,16.4
2018-03-03,425.66,4.43,60.6
2018-03-04,422.49,0.0,37.9
2018-03-05,421.39,0.69,6.3
2018-03-06,420.92,1.98,5.2
2018-03-07,420.66,4.13,5.2
2018-03-08,420.69,5.09,5.2
2018-03-09,420.68,7.39,5.2
2018-03-10,421.42,11.74,6.3
2018-03-11,421.31,1.37,5.2
2018-03-12,420.81,2.07,5.2
2018-03-13,421.02,11.13,5.2
2018-03-14,421.68,6.28,5.2
2018-03-15,421.34,1.19,5.2
2018-03-16,420.93,5.35,5.2
2018-03-17,421.52,8.5,5.2
2018-03-18,421.22,0.04,5.2
2018-03-19,420.96,17.33,5.2
2018-03-20,424.01,53.98,5.2
2018-03-21,426.13,44.42,6.3
2018-03-22,427.67,48.01,6.6
2018-03-23,428.43,17.27,13.0
2018-03-24,428.26,30.55,40.2
2018-03-25,428.31,15.57,5.2
2018-03-26,428.38,14.21,16.0
2018-03-27,428.35,17.33,17.0
2018-03-28,428.26,9.16,16.3
2018-03-29,428.16,15.21,15.9
2018-03-30,428.02,14.06,22.5
2018-03-31,427.93,10.5,10.2
2018-04-01,427.74,4.01,11.8
2018-04-02,427.62,21.15,22.1
2018-04-03,427.78,28.12,17.4
2018-04-04,427.93,26.28,21.2
2018-04-05,427.98,28.95,27.6
2018-04-06,428.04,29.1,33.1
2018-04-07,427.99,28.93,21.3
2018-04-08,428.29,29.21,19.2
2018-04-09,428.4,28.38,34.1
2018-04-10,428.17,30.63,38.2
2018-04-11,428.15,29.44,23.7
2018-04-12,428.24,29.57,31.7
2018-04-13,427.94,31.86,38.9
2018-04-14,428.0,29.5,26.7
2018-04-15,428.14,22.06,16.0
2018-04-16,428.16,28.18,32.9
2018-04-17,428.14,30.25,26.3
2018-04-18,428.21,29.67,28.6
2018-04-19,428.24,31.25,29.1
2018-04-20,428.33,27.66,23.0
2018-04-21,428.41,30.68,34.3
2018-04-22,428.31,31.03,30.3
2018-04-23,428.32,32.1,35.3
2018-04-24,428.29,34.59,35.3
2018-04-25,428.48,31.91,14.0
2018-04-26,428.66,30.61,39.2
2018-04-27,428.33,36.05,42.9
2018-04-28,428.13,36.47,42.2
2018-04-29,428.22,32.06,27.4
2018-04-30,428.56,27.41,5.2
2018-05-01,428.88,10.45,11.2
2018-05-02,428.85,29.79,30.2
2018-05-03,428.86,31.21,33.7
2018-05-04,428.87,33.77,26.2
2018-05-05,428.89,24.6,36.4
2018-05-06,428.73,36.88,32.2
2018-05-07,428.64,34.94,42.1
2018-05-08,428.51,33.54,42.5
2018-05-09,428.32,24.03,30.1
2018-05-10,428.14,20.68,20.3
2018-05-11,428.27,34.31,27.9
2018-05-12,428.33,47.68,47.7
2018-05-13,428.53,48.67,43.3
2018-05-14,428.55,38.69,41.9
2018-05-15,428.33,49.49,50.9
2018-05-16,428.45,49.64,46.4
2018-05-17,428.56,34.66,35.0
2018-05-18,428.48,27.98,28.3
2018-05-19,428.44,19.21,19.6
2018-05-20,428.45,8.75,5.2
2018-05-21,428.46,25.67,28.9
2018-05-22,428.43,26.82,29.7
2018-05-23,428.4,26.55,23.7
2018-05-24,428.43,24.67,24.3
2018-05-25,428.43,32.61,35.5
2018-05-26,428.26,28.57,37.2
2018-05-27,428.32,30.11,17.9
2018-05-28,428.58,34.95,28.1
2018-05-29,428.71,33.64,32.6
2018-05-30,428.64,37.34,44.2
2018-05-31,428.44,39.06,43.7
2018-06-01,428.33,38.91,41.8
2018-06-02,428.38,36.01,31.0
2018-06-03,428.53,32.0,31.3
2018-06-04,428.24,33.09,45.3
2018-06-05,428.13,37.83,38.5
2018-06-06,428.13,35.67,31.3
2018-06-07,428.23,36.65,36.3
2018-06-08,428.27,36.47,35.0
2018-06-09,428.4,37.3,29.1
2018-06-10,428.49,21.86,21.2
2018-06-11,428.55,36.62,35.9
2018-06-12,428.59,36.49,31.5
2018-06-13,428.73,35.94,31.3
2018-06-14,428.72,27.42,31.0
2018-06-15,428.68,23.19,25.3
2018-06-16,428.52,18.18,29.7
2018-06-17,428.27,14.36,11.9
2018-06-18,428.24,25.06,31.1
2018-06-19,428.36,21.33,17.7
2018-06-20,428.42,34.47,25.5
2018-06-21,428.63,35.04,34.3
2018-06-22,428.54,27.11,35.4
2018-06-23,428.33,32.7,33.4
2018-06-24,428.29,16.73,16.4
2018-06-25,428.34,32.53,32.5
2018-06-26,428.49,36.64,28.4
2018-06-27,428.6,36.88,38.0
2018-06-28,428.56,40.21,42.7
2018-06-29,428.31,36.21,50.2
2018-06-30,427.95,37.72,44.8
2018-07-01,428.15,40.86,21.6
2018-07-02,428.47,30.02,29.7
2018-07-03,428.44,14.23,17.8
2018-07-04,428.28,3.74,6.6
2018-07-05,428.22,1.49,4.0
2018-07-06,428.11,0.0,4.0
2018-07-07,428.0,0.4,4.0
2018-07-08,427.88,0.39,4.0
2018-07-09,427.69,14.54,17.3
2018-07-10,427.78,20.68,17.1
2018-07-11,427.94,21.9,15.6
2018-07-12,428.09,19.62,14.6
2018-07-13,428.22,22.89,18.2
2018-07-14,428.42,6.15,4.0
2018-07-15,428.32,0.41,4.0
2018-07-16,428.18,9.11,13.8
2018-07-17,428.16,20.65,17.8
2018-07-18,428.29,33.31,33.7
2018-07-19,428.19,29.14,34.5
2018-07-20,428.19,35.28,31.7
2018-07-21,428.27,36.04,34.6
2018-07-22,428.35,8.66,4.0
2018-07-23,428.28,14.49,11.6
2018-07-24,428.22,17.82,28.2
2018-07-25,428.2,33.58,33.2
2018-07-26,428.25,34.09,34.1
2018-07-27,428.25,35.68,35.3
2018-07-28,428.12,36.43,37.9
2018-07-29,428.29,17.84,10.0
2018-07-30,428.33,25.44,21.5
2018-07-31,428.38,24.33,27.9
2018-08-01,428.25,16.69,21.0
2018-08-02,428.25,11.42,11.8
2018-08-03,428.15,8.34,14.4
2018-08-04,428.02,5.08,4.0
2018-08-05,428.06,5.08,4.0
2018-08-06,427.97,9.1,14.2
2018-08-07,427.93,17.73,11.6
2018-08-08,428.13,18.79,15.2
2018-08-09,428.22,19.42,20.5
2018-08-10,428.1,23.38,31.2
2018-08-11,428.1,32.74,29.6
2018-08-12,428.23,9.02,4.0
2018-08-13,428.02,19.67,29.9
2018-08-14,428.09,37.18,29.8
2018-08-15,428.33,36.14,25.0
2018-08-16,428.61,36.92,30.8
2018-08-17,428.73,36.95,34.1
2018-08-18,428.74,24.86,32.0
2018-08-19,428.46,21.51,26.5
2018-08-20,428.44,35.11,34.4
2018-08-21,428.47,37.43,36.4
2018-08-22,428.52,37.41,35.6
2018-08-23,428.51,36.46,39.0
2018-08-24,428.45,39.16,40.2
2018-08-25,428.46,36.0,36.7
2018-08-26,428.58,38.35,28.7
2018-08-27,428.73,37.32,35.2
2018-08-28,428.8,39.04,36.9
2018-08-29,428.77,37.67,40.9
2018-08-30,428.74,37.53,39.0
2018-08-31,428.65,36.97,39.5
2018-09-01,428.58,40.55,42.7
2018-09-02,428.63,10.99,5.3
2018-09-03,428.56,0.05,4.0
2018-09-04,428.32,18.96,29.0
2018-09-05,428.27,26.16,26.5
2018-09-06,428.18,25.01,30.8
2018-09-07,428.07,27.36,28.4
2018-09-08,428.19,31.8,24.3
2018-09-09,428.43,10.82,4.0
2018-09-10,428.21,15.16,28.1
2018-09-11,428.18,33.71,30.8
2018-09-12,428.33,42.79,32.0
2018-09-13,428.8,48.9,36.7
2018-09-14,428.73,30.68,36.4
2018-09-15,428.55,18.59,34.4
2018-09-16,428.1,9.14,19.3
2018-09-17,427.82,15.37,16.3
2018-09-18,427.91,20.28,22.1
2018-09-19,427.89,30.2,29.9
2018-09-20,428.01,37.11,33.2
2018-09-21,428.08,36.22,34.7
2018-09-22,428.12,38.05,37.0
2018-09-23,428.16,38.79,37.4
2018-09-24,428.13,38.95,36.4
2018-09-25,428.25,38.16,37.5
2018-09-26,428.29,39.09,37.3
2018-09-27,428.15,34.15,40.3
2018-09-28,428.14,43.46,40.2
2018-09-29,428.29,38.66,35.1
2018-09-30,428.2,39.65,42.5
2018-10-01,428.29,45.99,42.0
2018-10-02,428.19,42.54,47.6
2018-10-03,428.05,42.04,44.6
2018-10-04,428.38,66.06,42.7
2018-10-05,428.41,31.72,51.1
2018-10-06,428.1,43.94,47.5
2018-10-07,428.02,30.72,27.9
2018-10-08,428.22,37.4,37.8
2018-10-09,428.21,36.92,36.9
2018-10-10,428.14,37.59,40.1
2018-10-11,427.97,40.03,44.5
2018-10-12,428.05,37.76,30.0
2018-10-13,428.3,41.09,37.9
2018-10-14,428.3,12.91,15.4
2018-10-15,428.08,13.91,16.8
2018-10-16,427.96,9.13,17.4
2018-10-17,427.77,14.75,16.0
2018-10-18,427.72,10.5,15.3
2018-10-19,427.6,17.48,15.4
2018-10-20,427.83,10.32,4.0
2018-10-21,428.04,10.6,4.0
2018-10-22,427.89,10.88,23.2
2018-10-23,427.66,12.64,17.8
2018-10-24,427.48,20.84,24.0
2018-10-25,427.52,33.56,28.0
2018-10-26,427.68,30.71,28.0
2018-10-27,427.76,30.41,28.0
2018-10-28,427.8,14.37,19.8
2018-10-29,427.47,9.69,17.7
2018-10-30,427.35,17.25,17.0
2018-10-31,427.37,16.78,13.7
2018-11-01,427.34,17.36,21.5
2018-11-02,427.23,9.24,13.7
2018-11-03,427.15,6.38,7.2
2018-11-04,427.06,1.22,4.0
2018-11-05,426.95,3.54,5.1
2018-11-06,427.03,8.61,4.0
2018-11-07,427.2,9.34,6.0
2018-11-08,427.16,4.89,7.7
2018-11-09,427.19,12.41,9.9
2018-11-10,427.29,12.63,12.1
2018-11-11,427.34,7.33,4.0
2018-11-12,427.28,5.5,10.8
2018-11-13,427.21,6.22,4.0
2018-11-14,427.27,6.71,5.9
2018-11-15,427.27,5.7,7.4
2018-11-16,427.22,9.7,12.5
2018-11-17,427.17,4.98,4.7
2018-11-18,427.12,2.61,4.0
2018-11-19,427.14,6.22,4.0
2018-11-20,427.2,9.59,9.6
2018-11-21,427.19,7.8,8.4
2018-11-22,427.18,9.74,9.7
2018-11-23,427.17,8.47,9.0
2018-11-24,427.16,5.11,4.0
2018-11-25,427.15,2.06,4.0
2018-11-26,427.05,1.5,4.0
2018-11-27,426.95,2.19,4.0
2018-11-28,426.9,1.45,4.0
2018-11-29,426.78,1.71,4.0
2018-11-30,426.73,3.24,4.0
2018-12-01,426.59,6.68,10.5
2018-12-02,426.57,3.49,4.0
2018-12-03,426.52,5.53,4.0
2018-12-04,426.72,10.37,4.0
2018-12-05,426.89,7.56,4.0
2018-12-06,427.13,13.44,4.0
2018-12-07,427.47,18.16,12.5
2018-12-08,427.54,9.3,10.5
2018-12-09,427.6,11.82,4.0
2018-12-10,427.75,19.04,21.2
2018-12-11,427.83,20.3,14.9
2018-12-12,427.88,14.79,16.0
2018-12-13,427.87,22.06,20.9
2018-12-14,428.03,31.97,22.3
2018-12-15,428.28,17.56,10.7
2018-12-16,428.47,19.59,20.0
2018-12-17,428.24,11.29,22.4
2018-12-18,428.02,12.05,13.5
2018-12-19,427.98,7.73,9.0
2018-12-20,427.81,10.04,14.9
2018-12-21,427.9,20.54,18.7
2018-12-22,427.96,17.16,12.9
2018-12-23,427.98,4.26,7.9
2018-12-24,427.8,14.95,20.1
2018-12-25,427.73,14.88,16.4
2018-12-26,427.69,13.65,11.5
2018-12-27,427.72,4.15,5.1
2018-12-28,427.66,2.03,4.4
2018-12-29,427.64,7.71,4.7
2018-12-30,427.92,12.13,4.0
2018-12-31,428.05,6.87,4.0
2019-01-01,428.01,7.39,11.2
2019-01-02,427.96,4.56,5.2
2019-01-03,427.94,4.26,5.2
2019-01-04,427.88,3.92,6.3
2019-01-05,427.84,3.96,5.2
2019-01-06,427.74,2.16,5.2
2019-01-07,427.68,3.66,5.2
2019-01-08,427.6,2.46,5.2
2019-01-09,427.53,2.81,5.2
2019-01-10,427.42,2.4,5.2
2019-01-11,427.35,3.5,5.2
2019-01-12,427.27,2.94,5.2
2019-01-13,427.2,3.5,5.2
2019-01-14,427.12,2.39,5.2
2019-01-15,427.01,1.54,4.5
2019-01-16,426.9,1.2,4.0
2019-01-17,426.78,0.44,4.0
2019-01-18,426.65,1.2,4.0
2019-01-19,426.53,1.25,4.0
2019-01-20,426.45,1.92,4.0
2019-01-21,426.33,2.15,4.0
2019-01-22,426.25,1.22,4.0
2019-01-23,426.15,1.22,4.0
2019-01-24,426.01,2.0,4.0
2019-01-25,425.86,0.0,4.0
2019-01-26,426.02,18.03,2.2
2019-01-27,426.82,22.56,4.0
2019-01-28,427.45,15.82,4.0
2019-01-29,427.51,2.0,4.0
2019-01-30,427.38,2.0,4.0
2019-01-31,427.26,2.0,4.0
2019-02-01,427.14,15.19,10.5
2019-02-02,427.73,25.72,4.0
2019-02-03,428.05,3.24,4.0
2019-02-04,427.93,2.0,4.0
2019-02-05,427.81,2.05,4.2
2019-02-06,427.69,2.0,4.0
2019-02-07,427.57,2.0,4.0
2019-02-08,427.45,2.0,4.0
2019-02-09,427.33,2.0,4.0
2019-02-10,427.21,2.0,4.0
2019-02-11,427.07,2.0,4.0
2019-02-12,426.89,1.59,4.0
2019-02-13,426.81,12.42,4.0
2019-02-14,427.46,24.69,4.0
2019-02-15,428.13,27.3,5.9
2019-02-16,428.38,5.61,9.4
2019-02-17,428.22,1.34,4.0
2019-02-18,428.09,2.64,7.5
2019-02-19,428.0,4.34,5.0
2019-02-20,427.9,1.78,4.0
2019-02-21,427.76,5.16,7.8
2019-02-22,427.64,3.54,7.0
2019-02-23,427.48,8.11,8.9
2019-02-24,427.43,1.38,4.0
2019-02-25,427.3,1.28,4.0
2019-02-26,427.2,3.77,5.8
2019-02-27,427.07,6.85,9.7
2019-02-28,426.96,4.31,7.2
2019-03-01,426.76,6.21,11.2
2019-03-02,426.66,5.04,5.2
2019-03-03,426.62,1.8,5.2
2019-03-04,426.48,1.47,5.2
2019-03-05,426.35,5.12,5.2
2019-03-06,426.49,9.88,5.2
2019-03-07,426.65,9.91,5.2
2019-03-08,426.92,17.85,5.2
2019-03-09,427.48,27.95,11.0
2019-03-10,427.68,2.11,6.4
2019-03-11,427.43,3.75,12.5
2019-03-12,427.3,15.18,10.0
2019-03-13,427.71,26.63,14.1
2019-03-14,427.8,10.59,14.7
2019-03-15,427.66,14.71,16.2
2019-03-16,427.67,11.95,13.2
2019-03-17,427.66,4.15,5.2
2019-03-18,427.51,8.61,12.2
2019-03-19,427.44,11.29,11.0
2019-03-20,427.51,18.68,11.1
2019-03-21,427.83,15.28,10.2
2019-03-22,427.76,11.15,14.4
2019-03-23,427.73,15.52,14.6
2019-03-24,427.77,4.41,4.0
2019-03-25,427.66,5.04,7.2
2019-03-26,427.57,9.65,10.1
2019-03-27,427.51,10.22,12.0
2019-03-28,427.42,12.8,16.5
2019-03-29,427.5,19.3,10.6
2019-03-30,427.78,16.42,10.5
2019-03-31,427.89,4.02,4.0
2019-04-01,427.71,6.43,13.8
2019-04-02,427.7,1.74,4.0
2019-04-03,427.61,2.35,4.0
2019-04-04,427.53,1.59,4.0
2019-04-05,427.42,1.22,4.0
2019-04-06,427.31,1.06,4.0
2019-04-07,427.22,1.15,4.0
2019-04-08,427.19,9.83,4.0
2019-04-09,427.56,15.82,4.0
2019-04-10,427.88,9.79,4.0
2019-04-11,427.92,6.27,4.0
2019-04-12,428.11,12.87,4.0
2019-04-13,428.29,13.92,4.0
2019-04-14,428.39,1.25,4.0
2019-04-15,428.3,1.28,4.0
2019-04-16,428.27,16.06,8.2
2019-04-17,428.59,19.02,13.9
2019-04-18,428.55,3.63,7.1
2019-04-19,428.45,2.56,8.6
2019-04-20,428.31,1.28,4.0
2019-04-21,428.22,1.22,4.0
2019-04-22,428.1,4.03,8.5
2019-04-23,427.95,2.82,8.6
2019-04-24,427.79,1.45,8.2
2019-04-25,427.62,3.96,6.7
2019-04-26,427.56,6.39,4.9
2019-04-27,,,
2019-04-28,427.76,1.13,4.0
2019-04-29,427.65,2.98,4.0
2019-04-30,427.8,4.2,4.0
2019-05-01,427.56,1.12,11.2
2019-05-02,427.47,11.63,7.9
2019-05-03,427.55,2.89,5.2
2019-05-04,427.5,4.78,5.2
2019-05-05,427.54,5.47,5.2
2019-05-06,427.44,4.0,12.6
2019-05-07,427.21,2.28,9.1
2019-05-08,427.18,3.69,5.2
2019-05-09,427.21,7.79,5.2
2019-05-10,427.52,19.52,5.2
2019-05-11,427.86,6.75,5.2
2019-05-12,427.82,2.72,5.2
2019-05-13,427.77,3.83,5.2
2019-05-14,427.71,2.96,5.2
2019-05-15,427.72,9.37,5.2
2019-05-16,427.92,8.63,5.2
2019-05-17,427.93,5.5,7.0
2019-05-18,427.92,6.43,7.1
2019-05-19,427.83,1.21,6.7
2019-05-20,427.72,1.05,5.2
2019-05-21,427.6,1.03,5.2
2019-05-22,427.55,9.52,5.2
2019-05-23,427.78,7.26,5.2
2019-05-24,427.76,4.24,5.2
2019-05-25,427.68,1.53,5.2
2019-05-26,427.6,1.1,5.2
2019-05-27,427.53,3.08,5.2
2019-05-28,427.55,6.17,5.2
2019-05-29,427.79,15.7,5.2
2019-05-30,428.05,16.52,5.2
2019-05-31,428.32,7.43,7.4
2019-06-01,428.23,7.96,10.5
2019-06-02,428.19,1.35,4.0
2019-06-03,428.17,4.33,5.4
2019-06-04,428.11,1.13,4.0
2019-06-05,428.04,1.21,4.0
2019-06-06,427.96,1.11,4.0
2019-06-07,427.89,1.07,4.0
2019-06-08,427.8,1.1,4.0
2019-06-09,427.69,1.0,4.0
2019-06-10,427.58,0.85,4.0
2019-06-11,427.55,6.11,2.0
2019-06-12,427.6,0.88,2.0
2019-06-13,427.6,5.24,2.0
2019-06-14,427.75,13.58,3.0
2019-06-15,428.04,8.04,4.0
2019-06-16,428.05,2.4,2.0
2019-06-17,428.0,2.84,2.0
2019-06-18,428.03,10.02,2.0
2019-06-19,428.15,1.93,2.0
2019-06-20,428.07,3.36,4.6
2019-06-21,428.2,18.49,5.9
2019-06-22,428.34,1.62,4.0
2019-06-23,428.24,1.08,4.0
2019-06-24,428.14,1.14,4.0
2019-06-25,428.04,1.1,4.0
2019-06-26,427.97,3.87,2.0
2019-06-27,428.04,10.83,2.0
2019-06-28,428.35,10.24,3.0
2019-06-29,428.36,1.31,2.0
2019-06-30,428.28,1.28,2.0
2019-07-01,428.14,4.74,8.6
2019-07-02,428.07,1.33,3.2
2019-07-03,427.97,1.05,2.3
2019-07-04,427.87,1.42,4.0
2019-07-05,427.79,5.08,4.0
2019-07-06,427.8,5.86,4.0
2019-07-07,427.77,2.09,5.4
2019-07-08,427.67,5.3,6.4
2019-07-09,427.75,6.25,4.0
2019-07-10,427.82,6.49,2.7
2019-07-11,427.89,4.37,4.3
2019-07-12,427.84,3.54,3.7
2019-07-13,427.92,8.4,3.7
2019-07-14,428.16,10.54,1.9
2019-07-15,428.25,1.39,1.8
2019-07-16,428.19,1.03,1.1
2019-07-17,428.12,0.84,1.1
2019-07-18,428.02,0.83,4.2
2019-07-19,427.92,1.05,4.0
2019-07-20,427.83,0.93,4.0
2019-07-21,427.71,1.25,4.0
2019-07-22,427.56,3.42,6.5
2019-07-23,427.42,1.71,5.6
2019-07-24,427.34,13.28,4.0
2019-07-25,427.68,8.37,2.6
2019-07-26,427.79,5.6,1.6
2019-07-27,427.88,2.84,1.6
2019-07-28,427.83,1.05,1.1
2019-07-29,427.8,1.58,1.2
2019-07-30,427.79,1.17,1.2
2019-07-31,427.73,0.84,1.4
2019-08-01,427.6,11.84,12.2
2019-08-02,427.84,14.93,6.1
2019-08-03,428.04,4.3,5.8
2019-08-04,427.92,1.71,4.0
2019-08-05,427.8,1.89,4.0
2019-08-06,427.68,1.76,4.0
2019-08-07,427.6,1.58,4.0
2019-08-08,427.49,1.24,4.0
2019-08-09,427.37,1.05,4.0
2019-08-10,427.31,9.59,4.0
2019-08-11,427.52,3.61,4.0
2019-08-12,427.39,4.58,8.2
2019-08-13,427.41,9.09,7.2
2019-08-14,427.47,7.33,6.6
2019-08-15,427.52,4.29,4.0
2019-08-16,427.42,1.97,4.0
2019-08-17,427.33,5.03,4.0
2019-08-18,427.41,4.31,3.4
2019-08-19,427.2,6.83,20.0
2019-08-20,427.07,21.74,14.4
2019-08-21,427.38,20.76,12.1
2019-08-22,427.59,22.51,19.8
2019-08-23,427.63,19.57,18.4
2019-08-24,427.69,18.62,17.3
2019-08-25,427.77,4.16,1.5
2019-08-26,427.65,12.81,16.4
2019-08-27,427.65,16.01,15.6
2019-08-28,427.67,20.19,18.8
2019-08-29,427.81,7.53,5.5
2019-08-30,427.57,5.4,18.5
2019-08-31,427.29,1.25,2.8
2019-09-01,427.19,13.33,10.5
2019-09-02,427.32,2.85,4.0
2019-09-03,427.27,3.73,4.0
2019-09-04,427.19,3.04,4.0
2019-09-05,427.12,3.71,4.0
2019-09-06,427.17,11.93,4.0
2019-09-07,427.41,3.89,4.0
2019-09-08,427.33,1.2,4.0
2019-09-09,427.23,18.61,19.6
2019-09-10,427.41,34.68,27.1
2019-09-11,427.67,25.84,21.3
2019-09-12,427.81,27.48,23.0
2019-09-13,427.82,23.1,24.0
2019-09-14,427.62,10.69,26.8
2019-09-15,427.3,3.65,4.2
2019-09-16,427.18,16.84,20.2
2019-09-17,427.34,28.94,21.2
2019-09-18,427.45,30.22,28.0
2019-09-19,427.59,33.68,27.7
2019-09-20,427.78,16.51,17.7
2019-09-21,427.77,15.02,15.6
2019-09-22,427.66,4.47,12.0
2019-09-23,427.35,3.15,12.4
2019-09-24,427.2,3.79,4.9
2019-09-25,427.13,12.46,11.4
2019-09-26,427.27,12.27,12.0
2019-09-27,427.2,7.43,11.0
2019-09-28,427.11,13.7,7.1
2019-09-29,427.3,5.37,5.3
2019-09-30,427.19,15.33,13.6
2019-10-01,427.26,6.53,12.8
2019-10-02,427.2,15.43,8.1
2019-10-03,427.43,10.1,8.2
2019-10-04,427.55,16.71,11.9
2019-10-05,427.72,7.61,4.9
2019-10-06,427.66,2.02,4.6
2019-10-07,427.51,14.57,19.6
2019-10-08,427.65,8.88,4.0
2019-10-09,427.63,9.26,14.1
2019-10-10,427.39,15.54,19.0
2019-10-11,427.36,18.2,21.3
2019-10-12,427.36,20.9,22.0
2019-10-13,427.26,9.28,18.0
2019-10-14,427.05,10.27,12.9
2019-10-15,427.18,31.09,26.9
2019-10-16,427.35,34.37,28.0
2019-10-17,428.35,92.16,43.1
2019-10-18,428.79,38.25,49.6
2019-10-19,428.25,21.35,41.8
2019-10-20,428.15,44.34,38.2
2019-10-21,428.08,39.0,46.0
2019-10-22,427.97,35.22,39.9
2019-10-23,428.02,37.24,35.2
2019-10-24,427.87,21.55,34.6
2019-10-25,427.32,14.57,25.8
2019-10-26,427.15,11.12,19.6
2019-10-27,427.04,7.28,14.8
2019-10-28,427.04,13.04,7.9
2019-10-29,427.27,25.85,19.9
2019-10-30,427.07,21.11,26.4
2019-10-31,428.4,109.72,49.3
2019-11-01,428.66,40.16,61.7
2019-11-02,427.92,22.88,37.9
2019-11-03,427.81,44.01,37.5
2019-11-04,428.16,47.71,39.5
2019-11-05,428.13,45.05,46.0
2019-11-06,428.14,45.66,44.4
2019-11-07,428.14,45.49,44.6
2019-11-08,428.15,43.61,42.1
2019-11-09,428.19,41.63,40.6
2019-11-10,427.99,16.98,30.5
2019-11-11,428.06,69.14,43.3
2019-11-12,428.63,51.96,43.2
2019-11-13,428.73,51.77,51.2
2019-11-14,428.73,50.53,51.0
2019-11-15,428.59,46.9,51.9
2019-11-16,428.58,42.62,44.5
2019-11-17,428.57,44.83,43.1
2019-11-18,428.55,47.37,47.9
2019-11-19,428.53,48.06,47.8
2019-11-20,428.44,30.88,33.3
2019-11-21,428.05,21.42,29.3
2019-11-22,427.77,23.15,27.4
2019-11-23,427.6,17.58,18.2
2019-11-24,427.67,5.35,4.0
2019-11-25,427.55,18.13,17.4
2019-11-26,427.52,19.72,20.4
2019-11-27,427.56,25.72,20.0
2019-11-28,427.95,25.84,4.0
2019-11-29,428.74,36.52,13.5
2019-11-30,428.64,31.54,49.2
2019-12-01,428.19,25.03,44.0
2019-12-02,427.71,19.61,29.5
2019-12-03,427.57,9.04,4.9
2019-12-04,427.65,8.09,12.1
2019-12-05,427.73,8.77,4.0
2019-12-06,427.79,8.96,5.2
2019-12-07,427.86,7.72,4.0
2019-12-08,427.9,5.2,4.0
2019-12-09,427.86,3.95,4.0
2019-12-10,427.82,4.06,5.0
2019-12-11,427.81,3.93,4.0
2019-12-12,427.74,2.57,4.0
2019-12-13,427.69,3.26,4.0
2019-12-14,427.66,2.99,4.0
2019-12-15,427.63,2.93,4.0
2019-12-16,427.62,3.37,4.0
2019-12-17,427.59,3.1,6.0
2019-12-18,427.51,3.17,6.4
2019-12-19,427.45,2.75,4.2
2019-12-20,427.47,3.6,4.0
2019-12-21,427.45,2.76,4.0
2019-12-22,427.42,2.61,4.0
2019-12-23,427.4,2.43,4.0
2019-12-24,427.38,2.4,4.0
2019-12-25,427.3,2.21,4.0
2019-12-26,427.2,2.02,4.0
2019-12-27,427.13,2.12,4.0
2019-12-28,427.11,5.72,4.0
2019-12-29,427.22,4.4,4.0
2019-12-30,427.19,2.47,4.0
2019-12-31,427.18,7.98,4.0
2020-01-01,427.24,4.9,9.7
2020-01-02,427.24,3.08,3.2
2020-01-03,427.22,2.42,3.2
2020-01-04,427.18,2.35,3.2
2020-01-05,427.13,2.4,3.2
2020-01-06,427.08,2.45,3.2
2020-01-07,427.12,16.37,3.2
2020-01-08,427.54,10.77,3.2
2020-01-09,427.52,2.4,3.2
2020-01-10,427.45,2.22,3.2
2020-01-11,427.39,2.28,3.2
2020-01-12,427.34,2.34,3.2
2020-01-13,427.3,2.2,3.2
2020-01-14,427.26,2.09,3.2
2020-01-15,427.19,1.69,3.2
2020-01-16,427.19,16.92,3.2
2020-01-17,427.74,24.63,3.2
2020-01-18,427.88,2.1,3.2
2020-01-19,427.82,2.11,3.2
2020-01-20,427.75,2.13,3.2
2020-01-21,427.69,2.12,3.2
2020-01-22,427.63,2.12,3.2
2020-01-23,427.56,2.05,3.2
2020-01-24,427.48,1.93,3.2
2020-01-25,427.38,1.92,3.2
2020-01-26,427.29,1.93,3.2
2020-01-27,427.21,1.86,3.2
2020-01-28,427.14,1.9,3.2
2020-01-29,427.08,1.86,3.2
2020-01-30,427.07,13.3,3.2
2020-01-31,427.6,42.88,3.2
2020-02-01,427.93,11.11,9.7
2020-02-02,427.85,2.28,5.2
2020-02-03,427.81,2.34,5.2
2020-02-04,427.74,2.32,5.2
2020-02-05,427.62,1.82,5.2
2020-02-06,427.56,13.56,7.2
2020-02-07,427.97,37.02,7.1
2020-02-08,428.2,3.72,5.2
2020-02-09,428.15,2.88,5.2
2020-02-10,428.09,2.61,4.8
2020-02-11,427.98,2.3,5.5
2020-02-12,427.84,2.29,5.6
2020-02-13,427.71,2.55,5.4
2020-02-14,427.6,2.24,3.2
2020-02-15,427.53,2.21,3.2
2020-02-16,427.45,2.35,3.2
2020-02-17,427.37,2.17,3.2
2020-02-18,427.28,1.94,3.2
2020-02-19,427.18,1.93,3.2
2020-02-20,427.16,15.59,3.2
2020-02-21,427.7,32.42,5.5
2020-02-22,428.09,9.55,5.0
2020-02-23,428.0,3.06,4.8
2020-02-24,427.9,2.08,3.2
2020-02-25,427.83,1.98,3.2
2020-02-26,427.75,1.8,3.2
2020-02-27,427.67,2.07,3.2
2020-02-28,427.6,2.2,3.2
2020-02-29,427.51,2.12,3.2
2020-03-01,427.35,2.17,9.7
2020-03-02,427.34,13.41,4.7
2020-03-03,427.9,27.02,5.0
2020-03-04,428.3,9.27,5.4
2020-03-05,428.22,2.1,3.2
2020-03-06,428.14,1.95,3.2
2020-03-07,428.05,1.78,3.2
2020-03-08,427.97,1.71,3.2
2020-03-09,427.88,1.51,3.2
2020-03-10,427.8,1.68,3.2
2020-03-11,427.72,1.76,3.2
2020-03-12,427.67,9.42,5.4
2020-03-13,428.12,29.31,5.4
2020-03-14,428.37,3.4,5.0
2020-03-15,428.25,1.6,3.2
2020-03-16,428.18,1.93,3.2
2020-03-17,428.12,1.65,3.2
2020-03-18,428.05,1.52,3.2
2020-03-19,427.94,1.43,3.2
2020-03-20,427.85,1.38,3.2
2020-03-21,427.77,1.38,3.2
2020-03-22,427.68,1.67,5.2
2020-03-23,427.53,1.53,5.4
2020-03-24,427.45,16.04,5.5
2020-03-25,427.94,33.18,3.2
2020-03-26,428.27,3.25,3.2
2020-03-27,428.17,1.27,3.2
2020-03-28,428.08,1.31,3.2
2020-03-29,428.0,1.45,3.2
2020-03-30,427.93,1.32,3.2
2020-03-31,427.84,1.24,3.2
2020-04-01,427.7,1.81,11.7
2020-04-02,427.57,6.66,5.3
2020-04-03,427.9,33.07,5.4
2020-04-04,428.17,5.73,3.2
2020-04-05,428.1,2.04,3.2
2020-04-06,427.03,1.72,3.2
2020-04-07,427.94,1.41,3.2
2020-04-08,427.85,1.28,3.2
2020-04-09,427.75,1.3,3.2
2020-04-10,427.66,1.41,3.2
2020-04-11,427.57,1.42,5.6
2020-04-12,427.43,1.43,5.3
2020-04-13,427.38,12.39,4.9
2020-04-14,427.94,29.5,3.2
2020-04-15,428.21,2.79,3.2
2020-04-16,428.12,1.66,3.2
2020-04-17,428.03,1.72,3.2
2020-04-18,427.96,1.52,3.2
2020-04-19,427.88,1.4,3.2
2020-04-20,427.79,1.24,3.2
2020-04-21,427.69,1.33,3.2
2020-04-22,427.59,1.37,3.2
2020-04-23,427.5,1.64,3.2
2020-04-24,427.41,1.49,3.2
2020-04-25,427.31,1.35,3.2
2020-04-26,427.21,1.28,3.2
2020-04-27,427.13,11.47,3.2
2020-04-28,427.65,33.31,3.2
2020-04-29,428.06,7.54,3.2
2020-04-30,428.0,1.56,3.2
2020-05-01,427.84,1.57,9.7
2020-05-02,427.71,1.8,5.2
2020-05-03,427.66,1.78,5.2
2020-05-04,427.57,1.52,5.2
2020-05-05,427.47,1.52,5.2
2020-05-06,427.39,9.21,5.2
2020-05-07,427.59,16.93,5.2
2020-05-08,427.76,5.5,5.2
2020-05-09,427.68,1.55,7.5
2020-05-10,427.53,1.65,5.3
2020-05-11,427.42,1.38,6.5
2020-05-12,427.26,1.72,4.0
2020-05-13,427.18,7.43,5.3
2020-05-14,427.33,17.21,3.2
2020-05-15,427.63,17.45,3.2
2020-05-16,427.84,6.56,4.7
2020-05-17,427.79,1.54,3.2
2020-05-18,427.71,2.11,3.2
2020-05-19,427.65,1.91,3.2
2020-05-20,427.58,2.21,3.2
2020-05-21,427.56,9.2,11.1
2020-05-22,427.61,20.44,17.1
2020-05-23,427.62,4.78,3.2
2020-05-24,427.7,4.68,3.7
2020-05-25,427.65,1.84,3.2
2020-05-26,427.58,1.95,3.2
2020-05-27,427.48,1.6,3.2
2020-05-28,427.41,7.43,3.2
2020-05-29,427.91,34.98,3.2
2020-05-30,428.25,2.5,3.2
2020-05-31,428.12,2.17,3.2
2020-06-01,428.04,2.0,9.7
2020-06-02,427.97,1.86,3.2
2020-06-03,427.96,6.61,6.8
2020-06-04,427.85,2.67,6.5
2020-06-05,427.78,12.16,8.0
2020-06-06,427.77,2.12,3.2
2020-06-07,427.69,1.72,3.8
2020-06-08,427.6,2.02,8.0
2020-06-09,427.56,13.79,6.9
2020-06-10,427.52,3.53,3.2
2020-06-11,427.54,10.03,3.2
2020-06-12,428.07,27.34,3.2
2020-06-13,428.31,4.74,3.2
2020-06-14,428.33,2.06,3.2
2020-06-15,428.27,1.86,3.2
2020-06-16,428.2,1.83,4.0
2020-06-17,428.13,2.62,4.0
2020-06-18,428.06,2.81,4.0
2020-06-19,427.98,2.6,4.0
2020-06-20,427.88,2.42,4.0
2020-06-21,427.87,7.55,4.0
2020-06-22,428.07,7.63,4.0
2020-06-23,428.0,16.6,16.4
2020-06-24,427.99,17.14,16.7
2020-06-25,428.08,16.7,16.6
2020-06-26,428.02,9.43,13.2
2020-06-27,427.82,10.62,4.0
2020-06-28,428.13,7.54,4.0
2020-06-29,428.07,16.64,17.9
2020-06-30,428.09,22.08,20.7
2020-07-01,427.94,19.62,27.5
2020-07-02,427.91,20.09,21.1
2020-07-03,427.9,18.63,20.9
2020-07-04,427.87,3.54,4.2
2020-07-05,427.82,2.69,4.0
2020-07-06,427.81,18.84,17.5
2020-07-07,427.87,12.33,18.6
2020-07-08,427.8,23.11,22.2
2020-07-09,427.74,23.23,28.0
2020-07-10,427.68,26.37,28.0
2020-07-11,427.95,36.23,23.0
2020-07-12,428.16,8.33,4.8
2020-07-13,428.06,16.61,20.6
2020-07-14,427.95,4.6,16.9
2020-07-15,427.67,4.66,17.4
2020-07-16,427.44,3.11,4.0
2020-07-17,427.35,2.41,4.0
2020-07-18,427.23,2.09,4.0
2020-07-19,427.14,2.12,4.9
2020-07-20,427.1,17.31,11.8
2020-07-21,427.35,26.74,4.0
2020-07-22,427.46,27.1,23.6
2020-07-23,427.71,27.03,21.4
2020-07-24,427.86,22.43,19.0
2020-07-25,427.78,5.24,15.7
2020-07-26,427.56,2.38,4.0
2020-07-27,427.42,16.98,18.2
2020-07-28,427.67,24.68,19.4
2020-07-29,427.99,30.44,21.1
2020-07-30,428.15,25.33,28.0
2020-07-31,428.11,34.5,40.5
2020-08-01,427.89,38.53,50.4
2020-08-02,427.79,13.6,22.5
2020-08-03,427.43,16.39,17.8
2020-08-04,427.55,21.48,16.6
2020-08-05,427.63,30.1,22.7
2020-08-06,428.04,35.84,28.8
2020-08-07,428.2,36.15,34.0
2020-08-08,427.98,36.65,45.2
2020-08-09,427.85,13.29,14.9
2020-08-10,427.65,15.04,18.8
2020-08-11,427.76,31.88,24.2
2020-08-12,427.86,31.0,28.4
2020-08-13,427.99,31.04,29.9
2020-08-14,428.03,11.68,18.8
2020-08-15,427.73,6.64,11.8
2020-08-16,427.68,4.09,4.0
2020-08-17,427.56,16.01,20.4
2020-08-18,427.75,33.88,24.1
2020-08-19,427.94,34.47,30.0
2020-08-20,428.06,33.28,32.1
2020-08-21,428.17,38.96,33.1
2020-08-22,428.2,16.35,24.8
2020-08-23,427.93,4.16,8.8
2020-08-24,427.77,15.97,17.6
2020-08-25,427.76,18.77,23.2
2020-08-26,427.82,25.96,23.4
2020-08-27,427.86,21.05,21.2
2020-08-28,427.89,7.36,4.2
2020-08-29,427.85,3.2,4.0
2020-08-30,427.78,2.28,4.0
2020-08-31,427.76,8.79,4.0
2020-09-01,427.95,12.23,4.0
2020-09-02,427.99,3.75,4.6
2020-09-03,427.91,11.23,16.0
2020-09-04,428.12,28.99,20.2
2020-09-05,428.11,25.81,36.1
2020-09-06,427.98,14.39,16.7
2020-09-07,427.81,14.19,18.2
2020-09-08,427.92,36.05,31.9
2020-09-09,428.01,39.26,33.6
2020-09-10,428.04,16.45,18.8
2020-09-11,427.84,6.45,17.2
2020-09-12,427.66,25.66,19.8
2020-09-13,428.47,29.74,4.0
2020-09-14,428.29,24.64,45.5
2020-09-15,428.21,38.12,36.3
2020-09-16,428.16,36.95,39.8
2020-09-17,427.98,38.18,45.0
2020-09-18,427.71,36.69,44.5
2020-09-19,427.54,19.46,28.7
2020-09-20,427.43,13.68,12.6
2020-09-21,427.3,16.72,15.9
2020-09-22,427.52,23.34,20.7
2020-09-23,427.8,35.84,27.4
2020-09-24,427.78,35.73,35.4
2020-09-25,427.88,35.7,33.8
2020-09-26,427.93,22.04,20.2
2020-09-27,427.84,5.87,11.8
2020-09-28,427.61,16.99,20.5
2020-09-29,427.91,34.8,23.5
2020-09-30,427.98,34.06,28.0
2020-10-01,428.3,35.05,28.1
2020-10-02,428.29,38.43,42.1
2020-10-03,428.11,38.34,45.6
2020-10-04,427.97,14.53,18.5
2020-10-05,427.91,32.48,28.6
2020-10-06,428.02,42.33,44.6
2020-10-07,428.51,78.57,45.3
2020-10-08,428.99,52.41,52.0
2020-10-09,428.84,44.95,52.0
2020-10-10,428.96,54.76,48.3
2020-10-11,428.98,70.34,65.8
2020-10-12,428.94,59.98,68.2
2020-10-13,428.59,46.91,52.0
2020-10-14,428.52,42.57,52.0
2020-10-15,428.45,51.53,46.1
2020-10-16,428.66,56.4,36.0
2020-10-17,428.92,87.28,75.7
2020-10-18,428.99,72.87,73.0
2020-10-19,428.9,52.13,57.3
2020-10-20,428.9,54.66,52.0
2020-10-21,428.9,54.22,52.0
2020-10-22,428.91,52.56,51.0
2020-10-23,428.94,53.52,51.0
2020-10-24,428.98,51.45,49.8
2020-10-25,428.98,51.43,50.6
2020-10-26,428.98,52.13,51.8
2020-10-27,428.9,43.2,52.0
2020-10-28,428.86,84.38,73.0
2020-10-29,428.98,84.87,82.2
2020-10-30,428.97,51.1,51.9
2020-10-31,428.97,52.97,51.6
2020-11-01,428.98,54.54,55.7
2020-11-02,428.98,51.61,49.9
2020-11-03,428.98,50.79,50.3
2020-11-04,428.88,46.94,51.6
2020-11-05,428.74,46.37,50.1
2020-11-06,428.92,110.04,95.8
2020-11-07,428.98,153.85,148.0
2020-11-08,428.98,149.33,142.2
2020-11-09,428.84,200.69,233.4
2020-11-10,428.68,355.88,348.0
2020-11-11,428.91,470.16,448.4
2020-11-12,428.96,531.56,527.7
2020-11-13,428.96,295.44,274.4
2020-11-14,428.95,148.82,147.7
2020-11-15,428.96,94.06,80.8
2020-11-16,428.99,53.82,52.0
2020-11-17,428.99,53.44,51.9
2020-11-18,428.99,53.24,52.0
2020-11-19,428.99,52.84,52.0
2020-11-20,428.99,52.54,52.0
2020-11-21,428.99,52.54,52.0
2020-11-22,428.99,52.6,52.0
2020-11-23,428.99,52.38,51.9
2020-11-24,428.99,52.46,52.0
2020-11-25,428.99,52.38,52.0
2020-11-26,428.99,52.01,51.4
2020-11-27,428.99,52.45,52.0
2020-11-28,428.99,52.22,52.0
2020-11-29,428.99,52.5,52.0
2020-11-30,428.98,186.81,193.1
2020-12-01,428.98,273.44,268.6
2020-12-02,428.98,228.7,227.4
2020-12-03,428.97,136.56,128.4
2020-12-04,428.99,54.32,51.4
2020-12-05,428.99,52.51,52.0
2020-12-06,428.95,52.48,52.0
2020-12-07,428.99,52.41,52.0
2020-12-08,428.99,52.44,52.0
2020-12-09,428.99,49.02,52.0
2020-12-10,428.77,37.64,52.0
2020-12-11,428.88,30.26,28.0
2020-12-12,428.83,31.29,27.8
2020-12-13,428.87,29.24,26.1
2020-12-14,428.87,29.01,28.0
2020-12-15,428.87,29.69,28.0
2020-12-16,428.84,27.63,26.7
2020-12-17,428.79,18.64,9.1
2020-12-18,428.9,20.92,4.0
2020-12-19,428.93,21.58,4.0
2020-12-20,428.95,28.08,10.2
2020-12-21,428.94,28.64,27.0
2020-12-22,428.9,29.09,27.9
2020-12-23,428.91,28.7,26.0
2020-12-24,428.9,34.92,39.9
2020-12-25,428.9,34.41,34.3
2020-12-26,428.94,30.98,34.4
2020-12-27,428.83,30.97,38.8
2020-12-28,428.62,33.34,42.2
2020-12-29,428.43,33.17,33.8
2020-12-30,428.43,42.73,37.3
2020-12-31,428.68,43.36,33.8
2021-01-01,428.76,19.75,21.8
2021-01-02,428.56,7.3,16.2
2021-01-03,428.58,31.09,17.9
2021-01-04,428.55,35.49,43.7
2021-01-05,428.41,28.96,36.6
2021-01-06,428.4,34.14,40.5
2021-01-07,428.51,32.4,27.4
2021-01-08,428.58,27.99,27.5
2021-01-09,428.64,29.62,28.5
2021-01-10,428.65,17.11,20.3
2021-01-11,428.62,32.64,28.7
2021-01-12,428.75,27.93,21.7
2021-01-13,428.74,24.27,27.3
2021-01-14,428.65,18.11,25.6
2021-01-15,428.52,24.85,25.9
2021-01-16,428.49,27.58,26.8
2021-01-17,428.59,21.42,12.3
2021-01-18,428.74,17.73,7.1
2021-01-19,428.69,8.52,18.3
2021-01-20,428.67,18.79,18.6
2021-01-21,428.65,23.89,26.6
2021-01-22,428.56,28.03,27.5
2021-01-23,428.53,27.94,31.4
2021-01-24,428.53,23.17,19.2
2021-01-25,428.59,26.68,24.9
2021-01-26,428.42,28.01,35.4
2021-01-27,428.42,28.78,24.7
2021-01-28,428.44,27.78,25.2
2021-01-29,428.42,28.18,27.4
2021-01-30,428.46,25.1,22.4
2021-01-31,428.54,18.66,15.6
2021-02-01,428.47,28.99,32.4
2021-02-02,428.35,28.63,29.7
2021-02-03,428.31,27.09,31.0
2021-02-04,428.28,26.82,28.5
2021-02-05,428.23,28.07,30.1
2021-02-06,428.19,26.26,29.8
2021-02-07,428.14,30.19,28.0
2021-02-08,428.07,24.75,34.3
2021-02-09,428.0,24.75,26.6
2021-02-10,427.95,26.21,21.2
2021-02-11,427.94,25.35,27.0
2021-02-12,428.07,31.96,23.5
2021-02-13,428.27,27.77,21.4
2021-02-14,428.35,31.53,28.8
2021-02-15,428.34,22.37,29.3
2021-02-16,428.35,23.29,25.6
2021-02-17,428.35,31.74,22.2
2021-02-18,428.45,31.71,30.2
2021-02-19,428.41,30.41,35.2
2021-02-20,428.31,30.2,33.5
2021-02-21,428.27,25.19,26.1
2021-02-22,428.22,28.01,28.6
2021-02-23,428.16,29.3,30.5
2021-02-24,428.15,32.31,31.9
2021-02-25,428.07,31.82,35.8
2021-02-26,427.97,32.12,35.5
2021-02-27,427.87,30.94,35.4
2021-02-28,427.97,24.57,17.2
2021-03-01,428.08,29.83,29.0
2021-03-02,427.97,31.22,34.2
2021-03-03,427.9,33.54,32.3
2021-03-04,427.94,33.07,32.0
2021-03-05,427.91,32.21,34.0
2021-03-06,427.87,29.47,33.3
2021-03-07,427.79,25.71,30.9
2021-03-08,427.63,31.78,36.7
2021-03-09,427.53,29.85,32.6
2021-03-10,427.44,30.05,34.7
2021-03-11,427.4,26.66,25.6
2021-03-12,427.54,24.66,22.7
2021-03-13,427.63,27.55,23.3
2021-03-14,427.76,23.92,24.2
2021-03-15,427.88,29.73,22.4
2021-03-16,428.07,28.8,23.8
2021-03-17,428.07,26.47,28.7
2021-03-18,428.09,27.57,24.3
2021-03-19,428.01,27.67,35.1
2021-03-20,427.85,32.55,36.6
2021-03-21,427.78,22.22,26.1
2021-03-22,427.88,26.11,24.7
2021-03-23,427.73,23.93,28.8
2021-03-24,427.69,28.26,32.9
2021-03-25,427.7,28.96,24.0
2021-03-26,427.82,25.66,28.6
2021-03-27,427.78,25.96,24.3
2021-03-28,427.83,23.86,22.7
2021-03-29,427.84,26.29,24.8
2021-03-30,427.88,13.31,14.3
2021-03-31,427.83,16.81,18.8
2021-04-01,427.72,16.73,23.0
2021-04-02,427.68,13.77,17.7
2021-04-03,427.6,7.02,9.1
2021-04-04,427.56,13.77,16.9
2021-04-05,427.75,26.72,21.2
2021-04-06,427.74,30.91,29.1
2021-04-07,427.81,29.36,26.1
2021-04-08,427.92,34.11,26.4
2021-04-09,428.0,30.56,29.0
2021-04-10,428.2,23.04,13.4
2021-04-11,428.33,12.57,7.0
2021-04-12,428.41,15.7,15.9
2021-04-13,428.29,29.34,32.7
2021-04-14,428.17,27.49,33.4
2021-04-15,428.16,28.64,26.2
2021-04-16,428.12,28.78,30.6
2021-04-17,428.01,21.24,28.4
2021-04-18,427.94,12.3,11.6
2021-04-19,427.84,14.33,18.3
2021-04-20,427.87,25.42,25.2
2021-04-21,427.87,23.89,26.4
2021-04-22,427.96,27.6,26.0
2021-04-23,427.89,24.86,29.4
2021-04-24,427.81,10.48,18.2
2021-04-25,427.61,1.59,12.6
2021-04-26,427.51,17.69,15.9
2021-04-27,427.59,24.4,22.7
2021-04-28,427.66,26.88,24.5
2021-04-29,427.86,21.1,11.3
2021-04-30,427.96,11.57,6.3
2021-05-01,427.88,2.25,16.6
2021-05-02,427.56,3.79,19.6
2021-05-03,427.46,29.8,25.9
2021-05-04,427.55,29.57,27.6
2021-05-05,427.63,27.74,17.2
2021-05-06,427.95,28.19,17.9
2021-05-07,428.18,28.34,23.7
2021-05-08,428.07,25.22,30.9
2021-05-09,428.0,16.15,17.0
2021-05-10,428.1,29.07,23.6
2021-05-11,427.18,32.04,26.2
2021-05-12,428.29,34.06,26.3
2021-05-13,428.48,29.77,19.9
2021-05-14,428.67,23.3,23.2
2021-05-15,428.44,12.16,17.9
2021-05-16,428.28,2.14,15.7
2021-05-17,427.91,22.62,31.9
2021-05-18,427.88,29.79,30.6
2021-05-19,428.0,30.72,21.9
2021-05-20,428.09,12.67,16.4
2021-05-21,427.95,15.77,14.0
2021-05-22,427.98,14.75,13.8
2021-05-23,428.0,4.2,6.9
2021-05-24,428.02,13.13,12.2
2021-05-25,428.39,24.54,11.9
2021-05-26,428.42,1.82,8.6
2021-05-27,428.32,4.41,16.7
2021-05-28,428.39,22.37,20.2
2021-05-29,428.29,13.46,28.6
2021-05-30,427.97,7.59,21.2
2021-05-31,428.01,26.71,22.0
2021-06-01,427.85,27.53,39.8
2021-06-02,427.89,38.15,31.0
2021-06-03,428.11,39.64,33.6
2021-06-04,428.14,30.85,34.1
2021-06-05,428.26,32.06,20.9
2021-06-06,428.48,19.76,8.1
2021-06-07,428.5,15.21,24.2
2021-06-08,428.43,38.19,32.8
2021-06-09,428.63,37.8,29.4
2021-06-10,428.69,12.79,13.4
2021-06-11,428.6,5.74,17.9
2021-06-12,428.54,17.02,9.6
2021-06-13,428.54,2.96,8.0
2021-06-14,428.38,6.28,14.7
2021-06-15,428.29,6.98,7.0
2021-06-16,428.22,1.91,5.3
2021-06-17,428.1,1.72,6.9
2021-06-18,427.92,1.61,12.0
2021-06-19,427.63,1.63,7.8
2021-06-20,427.43,8.01,11.6
2021-06-21,427.54,19.7,11.2
2021-06-22,427.49,18.88,20.7
2021-06-23,427.46,19.0,17.1
2021-06-24,427.47,15.34,14.9
2021-06-25,427.36,15.18,20.2
2021-06-26,427.35,12.87,9.3
2021-06-27,427.34,7.26,5.0
2021-06-28,427.47,22.31,11.3
2021-06-29,427.68,31.7,27.4
2021-06-30,427.73,28.07,24.2
2021-07-01,427.79,12.66,15.0
2021-07-02,427.61,4.86,12.1
2021-07-03,427.6,10.46,10.2
2021-07-04,427.45,5.25,4.5
2021-07-05,427.33,4.11,10.9
2021-07-06,427.45,20.65,11.7
2021-07-07,427.62,19.09,6.9
2021-07-08,427.82,12.21,4.0
2021-07-09,427.72,1.9,8.8
2021-07-10,427.53,1.88,7.4
2021-07-11,427.38,1.64,4.0
2021-07-12,427.23,5.18,11.4
2021-07-13,427.33,21.32,12.2
2021-07-14,427.5,15.1,9.6
2021-07-15,427.63,14.38,8.8
2021-07-16,427.33,10.34,8.9
2021-07-17,427.58,1.61,4.0
2021-07-18,427.72,7.42,4.0
2021-07-19,427.76,2.87,4.0
2021-07-20,427.72,2.42,4.0
2021-07-21,427.65,1.88,4.9
2021-07-22,427.56,4.72,4.4
2021-07-23,427.76,16.12,4.9
2021-07-24,428.0,13.16,4.0
2021-07-25,427.92,1.56,8.5
2021-07-26,427.71,4.73,11.5
2021-07-27,427.89,27.45,15.1
2021-07-28,428.13,28.21,28.3
2021-07-29,428.26,22.3,12.8
2021-07-30,428.39,16.98,13.5
2021-07-31,428.36,13.8,15.5
2021-08-01,428.21,9.85,11.2
2021-08-02,428.07,3.95,12.9
2021-08-03,428.2,27.44,16.8
2021-08-04,428.36,24.73,17.6
2021-08-05,428.55,25.98,19.2
2021-08-06,428.39,26.87,33.6
2021-08-07,428.3,15.38,18.9
2021-08-08,427.91,5.3,12.1
2021-08-09,427.77,5.15,11.9
2021-08-10,427.71,12.57,5.8
2021-08-11,427.76,10.29,5.2
2021-08-12,427.67,2.56,4.4
2021-08-13,427.58,2.18,4.0
2021-08-14,427.47,1.88,4.0
2021-08-15,427.35,1.7,4.0
2021-08-16,427.23,4.32,4.0
2021-08-17,427.42,18.94,10.4
2021-08-18,427.56,13.72,4.8
2021-08-19,427.69,11.3,5.8
2021-08-20,427.6,2.05,5.6
2021-08-21,427.49,4.8,10.4
2021-08-22,427.65,19.77,4.1
2021-08-23,427.7,6.91,9.3
2021-08-24,427.83,18.23,10.2
2021-08-25,427.96,15.94,11.7
2021-08-26,428.02,15.23,12.4
2021-08-27,428.08,17.12,13.8
2021-08-28,428.13,18.74,18.9
2021-08-29,428.29,28.17,24.5
2021-08-30,428.39,39.44,43.4
2021-08-31,428.46,31.78,35.2
2021-09-01,428.4,22.78,36.6
2021-09-02,428.36,19.06,19.8
2021-09-03,428.21,4.36,18.0
2021-09-04,428.03,38.0,36.3
2021-09-05,428.46,40.09,30.9
2021-09-06,428.56,41.64,38.9
2021-09-07,428.54,42.9,46.2
2021-09-08,428.57,38.98,38.4
2021-09-09,428.57,39.96,38.9
2021-09-10,428.72,37.14,47.1
2021-09-11,428.51,44.49,40.5
2021-09-12,428.69,33.4,36.1
2021-09-13,428.72,38.32,37.5
2021-09-14,428.73,35.81,34.6
2021-09-15,428.83,41.18,33.5
2021-09-16,428.83,31.46,36.6
2021-09-17,428.67,32.73,36.2
2021-09-18,428.53,37.42,42.9
2021-09-19,428.2,27.27,38.3
2021-09-20,428.32,35.78,33.2
2021-09-21,428.45,42.33,35.4
2021-09-22,428.68,53.59,38.5
2021-09-23,428.77,60.61,47.7
2021-09-24,428.89,47.29,40.1
2021-09-25,428.96,40.16,38.4
2021-09-26,428.95,39.26,36.9
2021-09-27,428.94,35.78,35.2
2021-09-28,428.94,41.79,37.9
2021-09-29,428.94,48.68,41.0
2021-09-30,428.95,44.91,37.4
2021-10-01,428.97,43.69,44.4
2021-10-02,428.95,37.3,36.8
2021-10-03,428.95,39.38,37.9
2021-10-04,428.94,46.95,44.0
2021-10-05,428.95,46.99,41.0
2021-10-06,428.94,51.5,47.5
2021-10-07,428.99,76.49,66.1
2021-10-08,428.99,79.67,78.0
2021-10-09,428.99,80.16,78.0
2021-10-10,428.99,80.71,78.0
2021-10-11,428.99,80.89,78.0
2021-10-12,428.99,80.49,78.0
2021-10-13,428.99,80.11,78.0
2021-10-14,428.99,81.28,78.0
2021-10-15,428.99,79.93,78.0
2021-10-16,428.99,79.24,78.0
2021-10-17,428.99,236.9,229.7
2021-10-18,428.99,136.94,128.0
2021-10-19,428.99,80.32,78.0
2021-10-20,428.99,78.56,78.0
2021-10-21,428.99,82.82,78.0
2021-10-22,428.99,80.99,78.0
2021-10-23,428.98,80.87,78.0
2021-10-24,428.99,202.13,201.0
2021-10-25,428.99,158.9,145.1
2021-10-26,428.98,83.34,78.0
2021-10-27,428.99,190.02,183.9
2021-10-28,428.99,235.82,235.2
2021-10-29,428.99,197.45,196.9
2021-10-30,428.98,132.09,128.0
2021-10-31,428.99,79.64,75.8
2021-11-01,428.99,80.12,78.0
2021-11-02,428.99,78.54,77.3
2021-11-03,428.99,78.37,77.7
2021-11-04,428.99,78.64,78.0
2021-11-05,428.99,79.18,78.0
2021-11-06,428.99,78.67,78.0
2021-11-07,428.99,78.76,78.0
2021-11-08,428.99,92.2,93.0
2021-11-09,429.08,199.99,124.3
2021-11-10,429.0,238.29,274.7
2021-11-11,428.98,235.9,232.6
2021-11-12,428.98,79.51,78.0
2021-11-13,428.99,127.63,126.8
2021-11-14,429.11,145.08,130.5
2021-11-15,429.01,100.27,108.0
2021-11-16,428.99,109.81,108.0
2021-11-17,428.99,109.36,108.0
2021-11-18,428.99,109.24,108.0
2021-11-19,428.99,108.86,108.0
2021-11-20,428.99,88.53,89.3
2021-11-21,428.99,79.08,78.0
2021-11-22,428.99,79.26,78.0
2021-11-23,428.99,77.49,78.0
2021-11-24,428.99,78.97,78.0
2021-11-25,428.99,76.23,78.0
2021-11-26,428.99,78.12,78.0
2021-11-27,428.99,78.45,78.0
2021-11-28,428.99,136.39,134.3
2021-11-29,428.98,343.55,340.9
2021-11-30,428.98,402.95,401.3
2021-12-01,428.98,319.78,317.6
2021-12-02,428.97,208.92,208.0
2021-12-03,428.98,77.83,78.0
2021-12-04,428.98,78.34,78.0
2021-12-05,428.98,77.58,78.0
2021-12-06,428.98,78.99,78.0
2021-12-07,428.98,78.62,77.3
2021-12-08,428.98,79.05,78.0
2021-12-09,428.98,79.21,78.0
2021-12-10,428.98,78.12,76.4
2021-12-11,428.98,78.08,77.3
2021-12-12,428.98,77.93,73.5
2021-12-13,428.98,78.55,78.0
2021-12-14,428.98,78.8,78.0
2021-12-15,428.98,78.24,78.0
2021-12-16,428.99,78.55,78.0
2021-12-17,428.98,78.06,78.0
2021-12-18,428.99,89.49,88.4
2021-12-19,428.99,128.96,128.0
2021-12-20,428.96,88.82,78.0
2021-12-21,428.98,80.25,78.0
2021-12-22,429.0,68.74,67.2
2021-12-23,428.79,29.89,45.8
2021-12-24,428.39,23.95,29.4
2021-12-25,428.73,28.8,15.3
2021-12-26,428.96,21.6,22.8
2021-12-27,428.97,54.93,52.0
2021-12-28,428.99,59.7,51.3
2021-12-29,429.0,63.42,57.7
2021-12-30,429.0,62.74,59.5
2021-12-31,429.0,62.46,58.9
2022-01-01,429.0,63.33,56.4
2022-01-02,429.0,60.54,56.8
2022-01-03,429.0,61.15,60.0
2022-01-04,429.0,61.83,60.0
2022-01-05,428.92,48.55,56.2
2022-01-06,428.74,38.47,38.4
2022-01-07,428.9,33.92,25.6
2022-01-08,428.87,34.15,39.2
2022-01-09,428.8,30.84,35.1
2022-01-10,428.71,37.48,42.1
2022-01-11,428.61,32.78,37.7
2022-01-12,428.56,31.62,33.4
2022-01-13,428.45,31.37,37.4
2022-01-14,428.51,30.28,27.1
2022-01-15,428.65,31.61,27.7
2022-01-16,428.73,26.98,24.5
2022-01-17,428.76,31.79,34.7
2022-01-18,428.62,30.38,39.0
2022-01-19,428.58,28.63,28.7
2022-01-20,428.56,31.65,35.1
2022-01-21,428.52,31.09,30.7
2022-01-22,428.53,30.38,30.2
2022-01-23,428.54,26.13,28.5
2022-01-24,428.49,32.11,37.8
2022-01-25,428.31,34.46,40.3
2022-01-26,428.24,32.59,32.9
2022-01-27,428.44,32.96,25.3
2022-01-28,428.63,25.06,20.7
2022-01-29,428.58,26.06,23.1
2022-01-30,428.47,27.06,12.0
2022-01-31,428.46,5.92,6.3
2022-02-01,428.4,9.82,11.8
2022-02-02,428.55,8.54,6.3
2022-02-03,428.61,8.88,6.3
2022-02-04,428.74,4.82,7.0
2022-02-05,429.58,5.61,20.9
2022-02-06,428.4,24.38,27.7
2022-02-07,428.2,29.51,37.8
2022-02-08,427.96,34.64,42.2
2022-02-09,427.88,32.16,31.1
2022-02-10,428.0,32.37,33.3
2022-02-11,427.94,32.15,36.0
2022-02-12,427.89,32.1,31.4
2022-02-13,428.15,29.56,21.7
2022-02-14,428.27,32.14,30.0
2022-02-15,428.28,31.56,31.7
2022-02-16,428.21,32.44,38.2
2022-02-17,428.2,31.67,34.9
2022-02-18,428.19,32.42,31.4
2022-02-19,428.23,33.14,31.6
2022-02-20,428.38,29.4,13.5
2022-02-21,428.67,31.36,28.7
2022-02-22,428.68,29.93,31.4
2022-02-23,428.59,29.71,33.9
2022-02-24,428.54,30.83,30.0
2022-02-25,428.58,33.07,30.1
2022-02-26,428.57,28.77,33.6
2022-02-27,428.39,26.34,31.9
2022-02-28,428.44,30.96,31.5
2022-03-01,428.2,33.22,44.2
2022-03-02,428.17,33.06,33.7
2022-03-03,428.09,29.54,33.7
2022-03-04,428.1,29.97,27.6
2022-03-05,427.97,31.89,37.0
2022-03-06,427.98,21.09,18.4
2022-03-07,428.15,31.48,25.4
2022-03-08,428.23,29.37,29.3
2022-03-09,428.27,33.18,29.0
2022-03-10,428.33,32.46,30.8
2022-03-11,428.36,29.45,30.1
2022-03-12,428.19,31.72,39.4
2022-03-13,428.2,29.65,28.5
2022-03-14,428.23,31.83,33.7
2022-03-15,428.08,31.97,38.9
2022-03-16,428.1,31.76,29.8
2022-03-17,428.14,32.42,30.2
2022-03-18,428.15,32.34,32.8
2022-03-19,428.15,31.98,32.1
2022-03-20,428.2,29.35,23.6
2022-03-21,428.34,33.42,30.6
2022-03-22,428.17,33.36,34.4
2022-03-23,428.29,32.72,32.4
2022-03-24,428.19,31.82,32.5
2022-03-25,428.3,33.7,33.0
2022-03-26,428.21,33.69,37.9
2022-03-27,428.19,30.85,30.1
2022-03-28,428.26,33.94,34.4
2022-03-29,428.14,33.44,37.3
2022-03-30,428.12,32.97,35.8
2022-03-31,428.09,60.5,48.5
2022-04-01,428.41,47.92,50.4
2022-04-02,428.37,33.64,35.5
2022-04-03,428.57,28.01,21.6
2022-04-04,428.46,38.7,50.1
2022-04-05,428.2,35.82,39.2
2022-04-06,428.3,34.82,30.8
2022-04-07,428.27,35.59,36.9
2022-04-08,428.39,28.45,26.3
2022-04-09,428.25,32.17,34.9
2022-04-10,428.18,29.52,26.2
2022-04-11,428.4,32.06,27.1
2022-04-12,428.28,33.69,38.9
2022-04-13,428.18,34.16,39.3
2022-04-14,428.21,38.49,34.9
2022-04-15,428.33,40.31,41.2
2022-04-16,428.24,34.12,41.4
2022-04-17,428.41,27.57,19.9
2022-04-18,428.58,31.74,27.7
2022-04-19,428.6,28.07,29.8
2022-04-20,428.42,30.11,36.2
2022-04-21,428.25,31.45,35.6
2022-04-22,428.18,32.45,34.3
2022-04-23,428.1,32.39,38.2
2022-04-24,428.11,25.91,21.9
2022-04-25,428.16,32.63,32.3
2022-04-26,428.1,32.1,32.0
2022-04-27,428.22,31.92,31.4
2022-04-28,428.13,36.17,40.7
2022-04-29,428.01,35.9,36.8
2022-04-30,428.22,22.61,16.6
2022-05-01,428.17,10.46,14.5
2022-05-02,428.17,8.96,11.3
2022-05-03,428.13,29.17,32.8
2022-05-04,428.14,36.58,29.9
2022-05-05,428.21,35.7,30.9
2022-05-06,428.37,31.97,25.8
2022-05-07,428.45,33.34,33.1
2022-05-08,428.51,29.63,24.2
2022-05-09,428.64,32.35,27.6
2022-05-10,428.7,35.48,32.0
2022-05-11,428.67,33.84,39.4
2022-05-12,428.64,36.75,37.7
2022-05-13,428.65,36.17,41.2
2022-05-14,428.47,34.63,42.1
2022-05-15,428.33,29.9,33.6
2022-05-16,428.38,35.43,33.2
2022-05-17,428.37,35.46,35.8
2022-05-18,428.35,34.53,37.2
2022-05-19,428.67,48.54,31.8
2022-05-20,428.94,45.84,43.8
2022-05-21,428.96,49.5,48.4
2022-05-22,428.94,44.79,40.5
2022-05-23,428.94,49.44,54.3
2022-05-24,428.88,41.43,39.0
2022-05-25,428.91,36.34,32.0
2022-05-26,428.87,35.5,28.6
2022-05-27,428.9,32.95,29.9
2022-05-28,428.55,14.43,31.6
2022-05-29,428.15,7.42,9.4
2022-05-30,428.05,13.51,15.3
2022-05-31,428.06,16.65,14.1
2022-06-01,427.97,21.14,23.6
2022-06-02,428.21,31.57,22.7
2022-06-03,428.29,20.97,11.2
2022-06-04,428.24,25.62,27.5
2022-06-05,428.05,19.41,27.6
2022-06-06,428.0,32.91,28.2
2022-06-07,427.97,27.52,28.1
2022-06-08,427.83,24.73,24.0
2022-06-09,428.02,28.88,25.3
2022-06-10,428.07,33.39,28.9
2022-06-11,428.03,28.73,34.1
2022-06-12,427.98,29.61,26.2
2022-06-13,428.15,36.58,23.7
2022-06-14,428.21,26.97,31.3
2022-06-15,428.09,18.09,22.6
2022-06-16,428.04,22.04,19.0
2022-06-17,428.15,33.93,25.1
2022-06-18,428.18,31.92,31.4
2022-06-19,428.11,24.99,28.8
2022-06-20,428.21,32.36,20.0
2022-06-21,428.32,36.24,29.8
2022-06-22,428.37,33.0,34.1
2022-06-23,428.33,30.59,33.3
2022-06-24,428.27,36.3,31.2
2022-06-25,428.32,28.94,30.1
2022-06-26,428.37,22.29,21.4
2022-06-27,428.33,37.6,30.7
2022-06-28,428.42,37.46,33.4
2022-06-29,428.39,31.58,36.1
2022-06-30,428.26,33.98,35.6
2022-07-01,428.22,33.24,33.8
2022-07-02,428.26,36.12,28.2
2022-07-03,428.34,27.75,27.3
2022-07-04,428.29,36.03,35.2
2022-07-05,428.12,23.02,30.4
2022-07-06,427.94,18.75,17.5
2022-07-07,427.97,19.11,18.7
2022-07-08,427.94,21.93,16.5
2022-07-09,428.07,33.76,29.2
2022-07-10,428.22,27.09,22.5
2022-07-11,428.46,36.64,24.4
2022-07-12,428.51,43.31,44.7
2022-07-13,428.7,33.87,31.1
2022-07-14,428.84,25.02,16.1
2022-07-15,428.88,21.47,22.6
2022-07-16,428.77,17.26,24.2
2022-07-17,428.7,19.25,20.5
2022-07-18,428.62,23.44,22.7
2022-07-19,428.58,21.91,25.1
2022-07-20,428.65,12.46,5.6
2022-07-21,428.64,3.6,4.0
2022-07-22,428.6,3.21,4.0
2022-07-23,428.54,3.16,4.0
2022-07-24,428.47,2.76,4.0
2022-07-25,428.43,10.39,9.3
2022-07-26,428.42,22.7,26.1
2022-07-27,428.33,25.67,28.0
2022-07-28,428.36,29.12,22.2
2022-07-29,428.36,32.85,28.0
2022-07-30,428.54,35.26,34.2
2022-07-31,428.5,25.94,29.0
2022-08-01,428.47,51.65,44.0
2022-08-02,428.88,52.24,41.2
2022-08-03,428.89,46.35,43.7
2022-08-04,428.96,51.32,43.4
2022-08-05,428.96,47.26,43.1
2022-08-06,428.96,48.07,38.3
2022-08-07,428.94,40.11,32.4
2022-08-08,428.95,50.62,49.6
2022-08-09,428.96,40.59,36.9
2022-08-10,428.96,44.76,41.4
2022-08-11,428.96,51.71,50.5
2022-08-12,428.98,45.92,33.6
2022-08-13,428.97,41.93,37.6
2022-08-14,428.97,40.14,34.6
2022-08-15,428.96,51.81,49.5
2022-08-16,428.97,42.74,41.1
2022-08-17,428.97,37.54,37.0
2022-08-18,428.98,43.79,37.5
2022-08-19,428.98,50.42,41.6
2022-08-20,428.98,51.35,43.8
2022-08-21,428.91,30.5,28.5
2022-08-22,428.66,30.53,30.9
2022-08-23,428.55,37.44,32.7
2022-08-24,428.47,41.43,36.5
2022-08-25,428.63,40.25,38.0
2022-08-26,428.63,38.99,37.7
2022-08-27,428.56,35.12,36.7
2022-08-28,428.44,31.96,33.0
2022-08-29,428.39,39.56,36.6
2022-08-30,428.33,35.58,37.3
2022-08-31,428.25,47.44,37.6
2022-09-01,428.81,59.03,42.8
2022-09-02,428.96,41.4,37.5
2022-09-03,428.96,48.04,39.4
2022-09-04,428.98,48.73,41.4
2022-09-05,428.98,47.24,40.7
2022-09-06,428.97,47.98,46.3
2022-09-07,428.97,47.15,43.8
2022-09-08,428.97,45.72,40.5
2022-09-09,428.96,35.25,41.7
2022-09-10,428.97,39.01,37.4
2022-09-11,428.98,41.26,35.4
2022-09-12,428.97,50.68,41.0
2022-09-13,428.97,49.13,42.3
2022-09-14,428.97,48.02,43.6
2022-09-15,428.96,49.11,48.0
2022-09-16,428.98,49.51,41.8
2022-09-17,428.97,45.2,40.3
2022-09-18,428.98,42.74,36.3
2022-09-19,428.99,50.61,40.5
2022-09-20,429.0,50.04,43.8
2022-09-21,429.0,75.65,68.0
2022-09-22,428.99,73.79,67.6
2022-09-23,428.99,68.04,63.0
2022-09-24,428.99,65.99,62.7
2022-09-25,428.99,66.23,63.0
2022-09-26,428.99,74.18,73.0
2022-09-27,428.85,189.8,169.9
2022-09-28,428.97,183.33,164.1
2022-09-29,428.98,71.02,73.0
2022-09-30,428.99,73.42,73.0
2022-10-01,428.99,75.6,73.0
2022-10-02,428.99,72.39,73.0
2022-10-03,428.99,72.71,73.0
2022-10-04,428.98,73.29,73.0
2022-10-05,428.98,72.81,73.0
2022-10-06,428.98,73.09,73.0
2022-10-07,428.98,73.75,73.0
2022-10-08,428.98,75.39,73.0
2022-10-09,428.98,75.06,73.0
2022-10-10,428.98,74.39,73.0
2022-10-11,428.99,73.99,73.0
2022-10-12,428.99,91.66,90.4
2022-10-13,428.92,146.99,160.5
2022-10-14,428.74,350.56,348.0
2022-10-15,428.89,186.01,162.6
2022-10-16,428.98,67.02,67.6
2022-10-17,428.98,67.26,72.9
2022-10-18,428.98,74.68,73.0
2022-10-19,428.98,74.19,73.0
2022-10-20,428.98,74.68,73.0
2022-10-21,428.99,68.29,65.8
2022-10-22,428.99,74.37,73.0
2022-10-23,428.99,75.24,73.0
2022-10-24,428.99,75.35,73.0
2022-10-25,428.99,74.02,73.0
2022-10-26,428.99,75.33,73.0
2022-10-27,428.99,80.75,78.2
2022-10-28,428.99,98.55,98.0
2022-10-29,428.99,97.55,98.0
2022-10-30,428.99,98.7,98.0
2022-10-31,428.99,86.33,86.3
2022-11-01,428.99,78.65,78.0
2022-11-02,428.99,78.06,78.0
2022-11-03,428.99,76.7,78.0
2022-11-04,428.99,78.43,78.0
2022-11-05,428.99,78.03,78.0
2022-11-06,428.99,79.3,78.0
2022-11-07,428.99,78.87,78.0
2022-11-08,428.99,78.27,77.5
2022-11-09,428.99,78.42,78.0
2022-11-10,428.99,77.23,78.0
2022-11-11,428.99,78.46,78.0
2022-11-12,428.99,78.51,78.0
2022-11-13,428.98,77.41,78.0
2022-11-14,428.91,57.42,61.7
2022-11-15,428.73,30.8,38.5
2022-11-16,428.56,28.85,31.7
2022-11-17,428.4,28.82,37.3
2022-11-18,428.22,31.23,37.6
2022-11-19,428.05,37.65,42.9
2022-11-20,427.99,36.91,36.3
2022-11-21,428.09,25.19,28.8
2022-11-22,428.06,35.55,28.4
2022-11-23,428.36,35.47,24.8
2022-11-24,428.51,20.33,20.0
2022-11-25,428.59,12.17,14.1
2022-11-26,428.64,27.88,17.5
2022-11-27,428.88,19.68,19.6
2022-11-28,428.62,17.91,34.5
2022-11-29,428.17,20.98,33.4
2022-11-30,428.03,16.61,19.6
2022-12-01,428.02,14.02,18.8
2022-12-02,428.05,16.95,12.7
2022-12-03,428.67,51.79,30.5
2022-12-04,428.82,32.43,34.8
2022-12-05,428.79,36.3,38.8
2022-12-06,428.93,35.89,30.9
2022-12-07,428.73,40.55,45.6
2022-12-08,428.91,71.77,51.5
2022-12-09,428.99,93.32,93.0
2022-12-10,428.99,93.0,93.0
2022-12-11,428.98,76.87,77.4
2022-12-12,428.98,69.04,68.0
2022-12-13,428.99,69.18,68.0
2022-12-14,428.92,50.8,58.0
2022-12-15,428.87,24.65,21.6
2022-12-16,428.84,23.13,24.4
2022-12-17,428.91,25.38,23.2
2022-12-18,428.97,20.99,14.4
2022-12-19,428.84,16.24,25.0
2022-12-20,428.39,15.45,24.7
2022-12-21,428.4,13.09,9.3
2022-12-22,428.58,9.36,4.0
2022-12-23,428.61,4.68,4.0
2022-12-24,428.67,18.35,4.0
2022-12-25,428.84,27.61,20.7
2022-12-26,428.89,28.13,24.4
2022-12-27,428.94,29.64,23.9
2022-12-28,428.96,28.78,22.4
2022-12-29,428.96,35.42,39.5
2022-12-30,428.89,31.43,41.0
2022-12-31,428.86,32.09,39.0
2023-01-01,428.81,28.87,43.2
2023-01-02,428.8,32.87,40.7
2023-01-03,428.83,35.66,44.2
2023-01-04,428.77,34.4,54.3
2023-01-05,428.71,39.58,52.9
2023-01-06,428.88,40.11,48.3
2023-01-07,428.8,34.17,51.8
2023-01-08,428.43,18.49,30.5
2023-01-09,428.36,33.45,24.5
2023-01-10,428.46,39.72,37.7
2023-01-11,428.5,31.75,31.2
2023-01-12,428.44,30.27,32.9
2023-01-13,428.42,32.42,33.2
2023-01-14,428.43,30.12,33.7
2023-01-15,428.4,27.11,29.0
2023-01-16,428.4,29.05,31.8
2023-01-17,428.33,26.42,30.1
2023-01-18,428.3,27.72,32.1
2023-01-19,428.24,26.76,29.2
2023-01-20,428.37,19.27,14.4
2023-01-21,428.35,11.09,12.8
2023-01-22,428.29,10.83,9.4
2023-01-23,428.29,6.31,7.5
2023-01-24,428.32,7.44,6.3
2023-01-25,428.38,8.67,6.3
2023-01-26,428.41,7.69,10.9
2023-01-27,428.38,12.59,17.0
2023-01-28,428.46,21.05,18.1
2023-01-29,428.43,14.39,16.0
2023-01-30,428.43,21.83,24.2
2023-01-31,428.52,27.08,21.0
2023-02-01,428.48,30.37,38.2
2023-02-02,428.37,33.12,35.1
2023-02-03,428.36,33.61,25.0
